PROVIDER_NUMBER,PROGRAM_NAME,PROGRAM_UMBRELLA,PROGRAM_STREET_ADDRESS1,PROGRAM_STREET_ADDRESS2,PROGRAM_CITY,PROGRAM_ZIPCODE,PROGRAM_PHONE,LICENSING_REGION,SUBSIDY_REGION,PROGRAM_TYPE,LICENSED_FUNDED,LICENSED_PROVIDER_STATUS,FUNDED_PROVIDER_STATUS,REGULATORY_STATUS,FIRST_ISSUED_DATE,LICENSED_CAPACITY,INFANT_BIRTH15MO,INFANTTODDLER_BIRTH33MO,TODDLER_15MO33MO,TODDLERPRESCHOOL_15MOK,PRESCHOOL_33MOK,PRESCHOOLSA_33MO8YR,KINDERGARTEN,KINDERGARTEN_SCHOOLAGE,SCHOOLAGE_5YR14YR,MULTIAGEGROUP_BIRTH14YR,VOUCHER_CONTRACT,C3_ATTESTATION,COI_CAT,SNAPSHOT_DATE,FULL_ADDRESS,Latitude,Longitude,SERVES_PREK,SERVES_ELEM,SERVES_MIDDLE,QUALITY_LICENSED,QUALITY_VOUCHER,QUALITY_C3,BAND_LABEL,CAP_CAT
P-169592,Grove Hall Child Development Center,"Grove Hall Child Development Center, Inc.",1295 BLUE HILL AVE,,Mattapan,02126,(617) 298-8190,Metro Boston,Region 6,Center-based Care,Licensed,Current,,,1988-01-19,45,7.0,9.0,9.0,,20.0,,,,,,True,,Low,2026-03-03,"1295 BLUE HILL AVE, Mattapan, MA 02126",42.280897078101,-71.092745156237,True,False,False,True,True,False,Pre-K only,M
P-169700,Soldiers Field Park Children's Center,Campus Child Care Inc.,1 SOLDIERS FIELD PARK,,Boston,02163,(617) 870-7601,Metro Boston,Region 6,Center-based Care,Licensed,Current,,,1981-10-07,84,14.0,7.0,27.0,,36.0,,,,,,True,,Low,2026-03-03,"1 SOLDIERS FIELD PARK, Boston, MA 02163",42.36577068921,-71.1181520109,True,False,False,True,True,False,Pre-K only,L
P-169703,Allston Brighton St. Gabriel's Head Start,"Action For Boston Community Development, Inc./ABCD",478 Western Avenue,,Brighton,02135,(617) 783-5646,Metro Boston,Region 6,Center-based Care,Licensed,Current,,,1985-07-07,76,,16.0,,,60.0,,,,,,True,,Low,2026-03-03,"478 Western Avenue, Brighton, MA 02135",42.361959148532,-71.142927974393,True,False,False,True,True,False,Pre-K only,M
P-169705,Beacon Hill Nursery School,"Beacon Hill Nursery School, Inc.",74 JOY STREET,,Boston,02114,(617) 227-0822,Metro Boston,Region 6,Center-based Care,Licensed,Current,,,1987-08-22,99,,,9.0,,90.0,,,,,,False,,High,2026-03-03,"74 JOY STREET, Boston, MA 02114",42.360650585361,-71.065199810306,True,False,False,True,False,False,Pre-K only,L
P-169706,Boston Children's School,"Boston Children's School, Inc.",8 WHITTIER PLACE 1E,,Boston,02114,(617) 367-6239,Metro Boston,Region 6,Center-based Care,Licensed,Renewal in progress,,,1980-06-18,44,,,,,,44.0,,,,,False,,Moderate,2026-03-03,"8 WHITTIER PLACE 1E, Boston, MA 02114",42.365647883734,-71.067406172702,True,True,False,False,False,False,Pre-K and Elementary,M
P-169707,Acorn Center for Early Education /Care,Boston Chinatown Neighborhood Center,38 ASH STREET,,Boston,02111,(617) 249-2995,Metro Boston,Region 6,Center-based Care,Licensed,Current,,,1988-06-26,101,,,9.0,,92.0,,,,,,True,,Low,2026-03-03,"38 ASH STREET, Boston, MA 02111",42.348694709374,-71.063415575337,True,False,False,True,True,False,Pre-K only,L
P-169709,Cooper Community Child Development Center,Hattie B. Cooper Community Center Inc.,1891 WASHINGTON STREET,,Boston,02118,(617) 445-1813,Metro Boston,Region 6,Center-based Care,Licensed,Renewal in progress,,,1991-08-06,111,7.0,,18.0,,40.0,,20.0,,26.0,,True,,Very Low,2026-03-03,"1891 WASHINGTON STREET, Boston, MA 02118",42.335061134844,-71.078936432073,True,True,True,False,True,False,Elementary and Middle,L
P-169712,Infants and Other People,"Infants and Other People, Inc.",464 TREMONT STREET,,Boston,02116,(617) 482-9464,Metro Boston,Region 6,Center-based Care,Licensed,Renewal in progress,,,1994-12-11,52,14.0,,18.0,,20.0,,,,,,True,,Low,2026-03-03,"464 TREMONT STREET, Boston, MA 02116",42.346185290618,-71.069259982712,True,False,False,False,True,False,Pre-K only,M
P-169713,Longwood Medical Area Child Care Center,Longwood Medical Area Child Care Center Corporation,395 LONGWOOD AVENUE,,Boston,02215,(617) 632-2755,Metro Boston,Region 6,Center-based Care,Licensed,Current,,,1984-01-09,88,14.0,9.0,,27.0,38.0,,,,,,True,,Moderate,2026-03-03,"395 LONGWOOD AVENUE, Boston, MA 02215",42.340139378777,-71.109263905574,True,False,False,True,True,False,Pre-K only,L
P-169714,ABCD Head Start and Children's Services @ Harrison Ave.,"Action For Boston Community Development, Inc./ABCD",595 Harrison Avenue,,Boston,02118,(617) 426-2855,Metro Boston,Region 6,Center-based Care,Licensed,Current,,,1990-04-07,200,,32.0,,,168.0,,,,,,True,,Low,2026-03-03,"595 Harrison Avenue, Boston, MA 02118",42.339872767504,-71.069100903554,True,False,False,True,True,False,Pre-K only,XL
P-169715,Russell J. Call Children's Center,Northeastern University,96 Fenway,Kerr Hall.   Ward 04,Boston,02115,(617) 373-3929,Metro Boston,Region 6,Center-based Care,Licensed,Current,,,1987-12-20,34,,,,,34.0,,,,,,False,,Very Low,2026-03-03,"96 Fenway, Boston, MA 02115",42.342184868669,-71.091491564081,True,False,False,True,False,False,Pre-K only,S
P-169716,Old South Preschool,Old South Church in Boston,645 BOYLSTON STREET,,Boston,02116,(617) 536-1970,Metro Boston,Region 6,Center-based Care,Licensed,Current,,,1993-12-05,45,,,9.0,,36.0,,,,,,False,,Very High,2026-03-03,"645 BOYLSTON STREET, Boston, MA 02116",42.349899584972,-71.078264687765,True,False,False,True,False,False,Pre-K only,M
P-169718,United South End Settlements Child Development Program,United South End Settlements,48 RUTLAND STREET,,Boston,02118,(617) 375-8150,Metro Boston,Region 6,Center-based Care,Licensed,Current,,,1989-03-29,126,7.0,9.0,9.0,9.0,30.0,,,,62.0,,True,,High,2026-03-03,"48 RUTLAND STREET, Boston, MA 02118",42.339752168927,-71.075988592466,True,True,True,True,True,False,Elementary and Middle,L
P-169719,John Winthrop School,John Winthrop Nursery School Corp.,66 MARLBOROUGH STREET,,Boston,02116,(617) 267-7159,Metro Boston,Region 6,Center-based Care,Licensed,Current,,,1987-09-21,56,,,18.0,,38.0,,,,,,False,,Very High,2026-03-03,"66 MARLBOROUGH STREET, Boston, MA 02116",42.353793562721,-71.075000407056,True,False,False,True,False,False,Pre-K only,M
P-169720,Commonwealth Children's Center,Commonwealth Child Care Corporation,One Ashburton Place  Room 105A,,Boston,02108,(617) 727-4802,Metro Boston,Region 6,Center-based Care,Licensed,Current,,,1982-12-24,55,,17.0,,18.0,20.0,,,,,,True,,Moderate,2026-03-03,"One Ashburton Place  Room 105A, Boston, MA 02108",42.359258208898,-71.062781502779,True,False,False,True,True,False,Pre-K only,M
P-169725,East Boston Head Start St. Johns,"Action For Boston Community Development, Inc./ABCD",80 LEXINGTON STREET,,East Boston,02128,(617) 567-8855,Metro Boston,Region 6,Center-based Care,Licensed,Current,,,1981-06-01,109,,,,,109.0,,,,,,True,,Very Low,2026-03-03,"80 LEXINGTON STREET, East Boston, MA 02128",42.378008484904,-71.036910552993,True,False,False,True,True,False,Pre-K only,L
P-169727,Jeffries Point Child Care,"East Boston Social Centers, Inc.",425 SUMNER STREET,,East Boston,02128,(617) 569-6045,Metro Boston,Region 6,Center-based Care,Licensed,Renewal in progress,,,1989-05-21,40,,,8.0,,32.0,,,,,,True,,Low,2026-03-03,"425 SUMNER STREET, East Boston, MA 02128",42.365594035483,-71.032356349873,True,False,False,False,True,False,Pre-K only,M
P-169728,Little Folks Community Day Care Center,Little Folks Community Day Care Center Inc.,65 TRENTON STREET,,East Boston,02128,(617) 569-0294,Metro Boston,Region 6,Center-based Care,Licensed,Renewal in progress,,,1989-01-17,58,,,,18.0,40.0,,,,,,True,,Very Low,2026-03-03,"65 TRENTON STREET, East Boston, MA 02128",42.378648337236,-71.036923065866,True,False,False,False,True,False,Pre-K only,M
P-169733,Small World Childcare Center,"Jamaica Plain VAMC Child Care Center, Inc.",150 S HUNTINGTON AVE BLDG 9,,Jamaica Plain,02130-4817,(617) 232-8286,Metro Boston,Region 6,Center-based Care,Licensed,Current,,,1983-08-10,50,7.0,9.0,9.0,8.0,17.0,,,,,,True,,High,2026-03-03,"150 S HUNTINGTON AVE BLDG 9, Jamaica Plain, MA 02130-4817",42.327442814116,-71.11090291686,True,False,False,True,True,False,Pre-K only,M
P-169849,Rockwood Early Education Academy Inc.,"Rockwood Day Care Center, Inc.",995 BLUE HILL AVENUE,,Dorchester,02124,(617) 825-4649,Metro Boston,Region 6,Center-based Care,Licensed,Renewal in progress,,,1986-03-01,88,,,18.0,10.0,60.0,,,,,,True,,Very Low,2026-03-03,"995 BLUE HILL AVENUE, Dorchester, MA 02124",42.290384019369,-71.089568913848,True,False,False,False,True,False,Pre-K only,L
P-169854,Children's Learning Center,Salvation Army - Canton,26 WALES STREET,,Dorchester,02124,(617) 436-2480,Metro Boston,Region 6,Center-based Care,Licensed,Renewal in progress,,,1988-07-17,51,,9.0,,9.0,20.0,,,,13.0,,True,,Very Low,2026-03-03,"26 WALES STREET, Dorchester, MA 02124",42.297483176476,-71.084888265258,True,True,True,False,True,False,Elementary and Middle,M
P-169855,Yawkey Konbit Kreyol Center,Catholic Charitable Bureau of Boston,185 COLUMBIA ROAD,,Dorchester,02121,(617) 506-6645,Metro Boston,Region 6,Center-based Care,Licensed,Current,,,1982-12-01,101,14.0,,27.0,,60.0,,,,,,True,,Very Low,2026-03-03,"185 COLUMBIA ROAD, Dorchester, MA 02121",42.306230249734,-71.077606232781,True,False,False,True,True,False,Pre-K only,L
P-169858,Wesley Education Center,Wesley Child Care Center Inc.,29 STANTON STREET,,Dorchester,02124,(617) 436-5800,Metro Boston,Region 6,Center-based Care,Licensed,Current,,,1980-03-12,73,,,,,60.0,,,,13.0,,True,,Very Low,2026-03-03,"29 STANTON STREET, Dorchester, MA 02124",42.284185239342,-71.079533911095,True,True,True,True,True,False,Elementary and Middle,M
P-169860,Gertrude E. Townsend Dorchester Headstart,"Action For Boston Community Development, Inc./ABCD",198 GENEVA AVE,,Dorchester,02121-3860,(617) 929-6315,Metro Boston,Region 6,Center-based Care,Licensed,Current,,,1987-08-17,298,,,,,298.0,,,,,,True,,Very Low,2026-03-03,"198 GENEVA AVE, Dorchester, MA 02121-3860",42.305226525591,-71.076683956826,True,False,False,True,True,False,Pre-K only,XL
P-169862,Boys and Girls Clubs Of Dorchester,Boys and Girls Club of Dorchester Inc,35 DEER STREET,,Dorchester,02125,(617) 288-7120,Metro Boston,Region 6,Center-based Care,Licensed,Current,,,1983-10-21,36,,,,,,,,,36.0,,True,,Low,2026-03-03,"35 DEER STREET, Dorchester, MA 02125",42.31206897964,-71.058339211129,False,True,True,True,True,False,Elementary and Middle,S
P-169863,Crispus Attucks Children's Center,The Crispus Attucks Children's Center Incorporated,105 CRAWFORD STREET,,Dorchester,02121,(617) 445-1420,Metro Boston,Region 6,Center-based Care,Licensed,Current,,,1991-04-02,214,14.0,23.0,27.0,,150.0,,,,,,True,,Low,2026-03-03,"105 CRAWFORD STREET, Dorchester, MA 02121",42.314158753191,-71.091031644019,True,False,False,True,True,False,Pre-K only,XL
P-169864,Ashmont Nursery School,"Ashmont Nursery School, Inc.",1 Ashmont St,,Boston,02124,(617) 282-6063,Metro Boston,Region 6,Center-based Care,Licensed,Current,,,1993-09-17,19,,,,9.0,,10.0,,,,,False,,Very Low,2026-03-03,"1 Ashmont St, Boston, MA 02124",42.285286992741,-71.07110535886,True,True,False,True,False,False,Pre-K and Elementary,S
P-169868,Shattuck Child Care Center,"Shattuck Child Care Center, Inc.",633 CENTRE STREET,,Jamaica Plain,02130,(617) 942-2018,Metro Boston,Region 6,Center-based Care,Licensed,Current,,,1988-09-25,46,,,9.0,,37.0,,,,,,True,,Very High,2026-03-03,"633 CENTRE STREET, Jamaica Plain, MA 02130",42.313782789512,-71.114175194411,True,False,False,True,True,False,Pre-K only,M
P-169872,Nurtury Learning Lab,"Nurtury, Inc.",33 BICKFORD STREET,,Jamaica Plain,02130,(617) 477-3115,Metro Boston,Region 6,Center-based Care,Licensed,Renewal in progress,,,1988-08-22,134,14.0,13.0,9.0,18.0,80.0,,,,,,True,,Very Low,2026-03-03,"33 BICKFORD STREET, Jamaica Plain, MA 02130",42.323372707526,-71.102380076417,True,False,False,False,True,False,Pre-K only,L
P-169874,South Side Head Start,"Action For Boston Community Development, Inc./ABCD",19 CORINTH STREET,,Roslindale,02131,(617) 327-1152,Metro Boston,Region 6,Center-based Care,Licensed,Current,,,1990-02-05,80,,,,,80.0,,,,,,True,,Low,2026-03-03,"19 CORINTH STREET, Roslindale, MA 02131",42.28632607582,-71.130127372021,True,False,False,True,True,False,Pre-K only,L
P-169881,Nurtury Inc. @ Horadan Way,"Nurtury, Inc.",38 HORADAN WAY,,Roxbury,02120,(857) 675-0130,Metro Boston,Region 6,Center-based Care,Licensed,Current,,,1989-05-09,126,9.0,9.0,18.0,,90.0,,,,,,True,,Very Low,2026-03-03,"38 HORADAN WAY, Roxbury, MA 02120",42.334392604909,-71.098699431756,True,False,False,True,True,False,Pre-K only,L
P-169882,South Boston H.S./EHS @ Old Colony,"Action For Boston Community Development, Inc./ABCD",125 MERCER STREET,,South Boston,02127,(617) 464-1557,Metro Boston,Region 6,Center-based Care,Licensed,Current,,,1987-08-16,49,,9.0,,,40.0,,,,,,True,,Low,2026-03-03,"125 MERCER STREET, South Boston, MA 02127",42.330595103908,-71.050152816464,True,False,False,True,True,False,Pre-K only,M
P-169883,South Boston Neighborhood House Preschool,South Boston Neighborhood House Inc,1187 Columbia Rd,,South Boston,02127,(617) 269-4090,Metro Boston,Region 6,Center-based Care,Licensed,Current,,,1986-02-28,45,,,,,45.0,,,,,,True,,Moderate,2026-03-03,"1187 Columbia Rd, South Boston, MA 02127",42.330442017504,-71.043042837375,True,False,False,True,True,False,Pre-K only,M
P-169885,Laboure Center,Catholic Charitable Bureau of Boston,275 W BROADWAY,,South Boston,02127,(617) 464-8532,Metro Boston,Region 6,Center-based Care,Licensed,Current,,,1988-11-01,99,21.0,9.0,18.0,,51.0,,,,,,True,,Very Low,2026-03-03,"275 W BROADWAY, South Boston, MA 02127",42.339258550517,-71.051642835114,True,False,False,True,True,False,Pre-K only,L
P-170123,ABCD Walnut Grove Head Start,"Action For Boston Community Development, Inc./ABCD",22 ELM HILL AVENUE,,Dorchester,02121,(617) 445-8202,Metro Boston,Region 6,Center-based Care,Licensed,Current,,,1989-12-30,118,4.0,,14.0,,100.0,,,,,,True,,Very Low,2026-03-03,"22 ELM HILL AVENUE, Dorchester, MA 02121",42.312532200864,-71.084265890824,True,False,False,True,True,False,Pre-K only,L
P-170124,Village Preschool,Village Preschool Inc.,25-39,25 CUMMINS HIGHWAY,Roslindale,02131,(617) 323-5141,Metro Boston,Region 6,Center-based Care,Licensed,Current,,,1983-09-28,71,7.0,9.0,9.0,,46.0,,,,,,True,,Low,2026-03-03,"25-39, Roslindale, MA 02131",42.285781837799,-71.127211596437,True,False,False,True,True,False,Pre-K only,M
P-170133,Bright Horizons Childrens Center at the Schraffts,"Bright Horizons Childrenâs Centers, LLC",529 MAIN STREET,,Charlestown,02129,(617) 241-8752,Metro Boston,Region 6,Center-based Care,Licensed,Current,,,1987-07-30,68,14.0,9.0,18.0,,27.0,,,,,,True,,High,2026-03-03,"529 MAIN STREET, Charlestown, MA 02129",42.383556210374,-71.071822278313,True,False,False,True,True,False,Pre-K only,M
P-170142,Little People's Playhouse,Michele and Steven Bingham,5274 Washington St.,,West Roxbury,02132,(617) 435-8162,Metro Boston,Region 6,Center-based Care,Licensed,Current,,,1987-05-12,37,,,,,37.0,,,,,,True,,Very Low,2026-03-03,"5274 Washington St., West Roxbury, MA 02132",42.25906159318,-71.159542001412,True,False,False,True,True,False,Pre-K only,S
P-170143,Little Leaders Prep School,Little Leaders Prep School,242 WOODROW AVE,,Dorchester,02124,(617) 265-6361,Metro Boston,Region 6,Center-based Care,Licensed,Current,,,1983-08-02,18,,9.0,,9.0,,,,,,,True,,Very Low,2026-03-03,"242 WOODROW AVE, Dorchester, MA 02124",42.286042178622,-71.088810780274,True,False,False,True,True,False,Pre-K only,S
P-170145,New Beginnings Academy,New Beginnings Academy,20 CENTRAL AVENUE,,Hyde Park,02136,(617) 364-6767,Metro Boston,Region 6,Center-based Care,Licensed,Renewal in progress,,,1997-06-02,95,,,18.0,9.0,68.0,,,,,,True,,Very Low,2026-03-03,"20 CENTRAL AVENUE, Hyde Park, MA 02136",42.256930414715,-71.121215331744,True,False,False,False,True,False,Pre-K only,L
P-170162,Bright Horizons Children's Center at the Prudential Center,"Bright Horizons Childrenâs Centers, LLC",790 BOYLSTON ST STE 250,,Boston,02199,(617) 262-4850,Metro Boston,Region 6,Center-based Care,Licensed,Current,,,1987-08-05,50,7.0,7.0,18.0,,18.0,,,,,,True,,High,2026-03-03,"790 BOYLSTON ST STE 250, Boston, MA 02199",42.348794006891,-71.081973746342,True,False,False,True,True,False,Pre-K only,M
P-170163,Transportation Children's Center Inc.,Transportation Children's Center Inc.,10 PARK PLAZA STE 3330,,Boston,02116,(617) 973-8200,Metro Boston,Region 6,Center-based Care,Licensed,Current,,,1986-06-19,78,14.0,9.0,9.0,13.0,33.0,,,,,,True,,Low,2026-03-03,"10 PARK PLAZA STE 3330, Boston, MA 02116",42.351633633151,-71.068371010588,True,False,False,True,True,False,Pre-K only,M
P-170164,J.F.K. Head Start and Day Care Program,John F. Kennedy Family Services,23A MOULTON STREET,,Charlestown,02129,(617) 241-8866,Metro Boston,Region 6,Center-based Care,Licensed,Current,,,1988-08-22,151,,,17.0,,114.0,20.0,,,,,True,,Low,2026-03-03,"23A MOULTON STREET, Charlestown, MA 02129",42.37720333097,-71.055868425368,True,True,False,True,True,False,Pre-K and Elementary,XL
P-170304,Bradshaw Children's Learning Program,"Action For Boston Community Development, Inc./ABCD",64 BRADSHAW ST,,Dorchester,02121-4146,(617) 282-2327,Metro Boston,Region 6,Center-based Care,Licensed,Current,,,1991-09-07,79,,,8.0,,71.0,,,,,,True,,Very Low,2026-03-03,"64 BRADSHAW ST, Dorchester, MA 02121-4146",42.298132151747,-71.083845331594,True,False,False,True,True,False,Pre-K only,M
P-170311,Government Center Child Care,Government Center Child Care Corporation,15 NEW SUDBURY STREET,JFK FEDERAL BUILDING,Boston,02203,(508) 578-2530,Metro Boston,Region 6,Center-based Care,Licensed,Current,,,1987-08-16,50,7.0,,13.0,,30.0,,,,,,False,,Moderate,2026-03-03,"15 NEW SUDBURY STREET, Boston, MA 02203",42.36135067329,-71.060612050403,True,False,False,True,False,False,Pre-K only,M
P-170312,Government Center Child Care Corporation,Government Center Child Care Corporation,O'Neil Federal Bldg,10 CAUSEWAY STREET,Boston,02222,(617) 227-0308,Metro Boston,Region 6,Center-based Care,Licensed,Renewal in progress,,,1987-08-16,40,7.0,,13.0,,20.0,,,,,,True,,Moderate,2026-03-03,"O'Neil Federal Bldg, Boston, MA 02222",42.364669851259,-71.06284819836,True,False,False,False,True,False,Pre-K only,M
P-170325,Tarttâs Nursery School,Tartt's Day Care Center & Private Kindergarten Inc.,56 Wareham Street,,Boston,02118,(857) 214-4500,Metro Boston,Region 6,Center-based Care,Licensed,Renewal in progress,,,1989-08-17,68,7.0,12.0,24.0,6.0,19.0,,,,,,False,,Low,2026-03-03,"56 Wareham Street, Boston, MA 02118",42.339207241147,-71.06726843118,True,False,False,False,False,False,Pre-K only,M
P-170333,City Hall Child Care,Boston Centers for Youth & Families,1 CITY HALL PLAZA RM 401,,Boston,02201,(617) 635-3793,Metro Boston,Region 6,Center-based Care,Licensed,Expired,,,1989-09-22,54,17.0,,12.0,,25.0,,,,,,True,,Moderate,2026-03-03,"1 CITY HALL PLAZA RM 401, Boston, MA 02201",42.357789875411,-71.059193787461,True,False,False,False,True,False,Pre-K only,M
P-170339,Mattapan Head Start,"Action For Boston Community Development, Inc./ABCD",535 RIVER STREET,,Mattapan,02126,(617) 298-1785,Metro Boston,Region 6,Center-based Care,Licensed,Current,,,1989-09-26,116,,16.0,,,100.0,,,,,,True,,Very Low,2026-03-03,"535 RIVER STREET, Mattapan, MA 02126",42.266851842222,-71.095726080334,True,False,False,True,True,False,Pre-K only,L
P-170342,Bright Horizons Children's Center,"Bright Horizons Childrenâs Centers, LLC",185 HARRISON AVE,,Boston,02111,(617) 636-9504,Metro Boston,Region 6,Center-based Care,Licensed,Current,,,1989-09-22,52,14.0,,18.0,,20.0,,,,,,True,,Low,2026-03-03,"185 HARRISON AVE, Boston, MA 02111",42.348865079889,-71.062304447626,True,False,False,True,True,False,Pre-K only,M
P-170344,YMCA Children's Center and O.S.T. of Roxbury,YMCA of Greater Boston,285 MARTIN LUTHER KING BLVD,,Roxbury,02119,(857) 283-4782,Metro Boston,Region 6,Center-based Care,Licensed,Renewal in progress,,,1989-10-30,140,,,,9.0,40.0,,,,91.0,,True,,Low,2026-03-03,"285 MARTIN LUTHER KING BLVD, Roxbury, MA 02119",42.318506302809,-71.084399274255,True,True,True,False,True,False,Elementary and Middle,L
P-170355,Kinder Care Learning Center,"KinderCare Education, LLC",117 ATLANTIC AVENUE,,Boston,02110,(617) 248-9775,Metro Boston,Region 6,Center-based Care,Licensed,Renewal in progress,,,1990-04-30,51,14.0,9.0,9.0,9.0,10.0,,,,,,True,,High,2026-03-03,"117 ATLANTIC AVENUE, Boston, MA 02110",42.361634452794,-71.052141920953,True,False,False,False,True,False,Pre-K only,M
P-170368,Yal-Day-New Day Care Center,"Yal-Day-New Day Care Center, Inc.",300 Western Avenue,,Allston,02134,(617) 782-3661,Metro Boston,Region 6,Center-based Care,Licensed,Current,,,1990-08-31,51,14.0,,18.0,,19.0,,,,,,False,,High,2026-03-03,"300 Western Avenue, Allston, MA 02134",42.36319718456,-71.134774105841,True,False,False,True,False,False,Pre-K only,M
P-170384,Ellis Memorial Early Education and Care Program,"Ellis Memorial and Eldredge House, Inc.",58 BERKELEY ST,,Boston,02116-6215,(617) 482-7341,Metro Boston,Region 6,Center-based Care,Licensed,Renewal in progress,,,1990-11-23,117,21.0,9.0,27.0,,60.0,,,,,,True,,Very High,2026-03-03,"58 BERKELEY ST, Boston, MA 02116-6215",42.346460062592,-71.070798416608,True,False,False,False,True,False,Pre-K only,L
P-170388,Ohrenberger Community Preschool and After School,Ohrenberger Community School Council Inc. BCS Board Inc.,175 W BOUNDARY RD,,West Roxbury,02132,(617) 635-5183,Metro Boston,Region 6,Center-based Care,Licensed,Current,,,1992-02-27,26,,,,,,,,,26.0,,True,,Very Low,2026-03-03,"175 W BOUNDARY RD, West Roxbury, MA 02132",42.260920729416,-71.147038624436,False,True,True,True,True,False,Elementary and Middle,S
P-170393,Jackie Jenkins Scott Learning Center,Dimock Community Services Corp,1800 Columbus Avenue,,Roxbury,02119,(617) 442-8800,Metro Boston,Region 6,Center-based Care,Licensed,Renewal in progress,,,1992-05-20,248,28.0,8.0,112.0,,100.0,,,,,,True,,Very Low,2026-03-03,"1800 Columbus Avenue, Roxbury, MA 02119",42.320554518656,-71.098232458449,True,False,False,False,True,False,Pre-K only,XL
P-170407,The Children's Place at Sixty State Street INC.,"Bright Horizons Childrenâs Centers, LLC",60 STATE STREET,,Boston,02109,(617) 742-4566,Metro Boston,Region 6,Center-based Care,Licensed,Current,,,1992-03-06,29,,9.0,,,,20.0,,,,,False,,Moderate,2026-03-03,"60 STATE STREET, Boston, MA 02109",42.358960510639,-71.056701582225,True,True,False,True,False,False,Pre-K and Elementary,S
P-170459,Jamaica Plain Head Start,"Action For Boston Community Development, Inc./ABCD",315 (Rear) Centre Street,,Jamaica Plain,02130,(617) 522-5533,Metro Boston,Region 6,Center-based Care,Licensed,Current,,,1994-03-22,149,,9.0,,,140.0,,,,,,True,,Low,2026-03-03,"315 (Rear) Centre Street, Jamaica Plain, MA 02130",42.322841805789,-71.104314710359,True,False,False,True,True,False,Pre-K only,L
P-170508,Learn and Play Day Care Center,"Learn and Play, Inc.",1073 TREMONT STREET,,Roxbury,02120,(617) 442-1162,Metro Boston,Region 6,Center-based Care,Licensed,Renewal in progress,,,1996-02-23,38,,,18.0,,15.0,,5.0,,,,True,,Very Low,2026-03-03,"1073 TREMONT STREET, Roxbury, MA 02120",42.336098704458,-71.086372983156,True,True,False,False,True,False,Pre-K and Elementary,S
P-170534,Julie's Family Learning Program,Julie's Family Learning Program Inc.,133 DORCHESTER STREET,,South Boston,02127,(617) 642-2274,Metro Boston,Region 6,Center-based Care,Licensed,Renewal in progress,,,1991-01-01,36,7.0,,9.0,,20.0,,,,,,True,,Very High,2026-03-03,"133 DORCHESTER STREET, South Boston, MA 02127",42.334801752115,-71.047219691152,True,False,False,False,True,False,Pre-K only,S
P-170540,The Frances Jacobson Early Childhood Center,"Frances Jacobson Early Childhood Center, Inc.",477 LONGWOOD AVENUE,,Boston,02215,(617) 739-6455,Metro Boston,Region 6,Center-based Care,Licensed,Renewal in progress,,,1994-09-09,98,,,18.0,,80.0,,,,,,False,,Moderate,2026-03-03,"477 LONGWOOD AVENUE, Boston, MA 02215",42.340310104601,-71.109681976461,True,False,False,False,False,False,Pre-K only,L
P-170542,Oh Yes Orient Heights Young Explorers,"East Boston Social Centers, Inc.",1222 Bennington St.,,East Boston,02128,(617) 561-0010,Metro Boston,Region 6,Center-based Care,Licensed,Renewal in progress,,,1992-07-29,60,,,,,60.0,,,,,,True,,Low,2026-03-03,"1222 Bennington St., East Boston, MA 02128",42.388761815323,-70.998949131864,True,False,False,False,True,False,Pre-K only,M
P-170547,The Social Sprouts Extended Day Program/Central Square Center,"East Boston Social Centers, Inc.",68 CENTRAL SQ,,East Boston,02128,(617) 569-3221,Metro Boston,Region 6,Center-based Care,Licensed,Renewal in progress,,,1993-02-17,179,,,,,20.0,,,,159.0,,True,,Very Low,2026-03-03,"68 CENTRAL SQ, East Boston, MA 02128",42.374581234087,-71.039821143124,True,True,True,False,True,False,Elementary and Middle,XL
P-170597,YMCA Childrens Center at West Roxbury,YMCA of Greater Boston,1980 CENTRE STREET,,West Roxbury,02132,(617) 992-6726,Metro Boston,Region 6,Center-based Care,Licensed,Current,,,1995-09-08,100,14.0,,18.0,9.0,59.0,,,,,,True,,High,2026-03-03,"1980 CENTRE STREET, West Roxbury, MA 02132",42.282633472503,-71.157339634456,True,False,False,True,True,False,Pre-K only,L
P-170603,Spruce Street Nursery School,Spruce Street Nursery School Inc.,5 Avery Place,,Boston,02111,(617) 482-5252,Metro Boston,Region 6,Center-based Care,Licensed,Current,,,1996-09-23,49,,,9.0,,40.0,,,,,,False,,Moderate,2026-03-03,"5 Avery Place, Boston, MA 02111",42.353337623716,-71.062610957207,True,False,False,True,False,False,Pre-K only,M
P-170749,Shining Star Day Care,Little Folks Community Day Care Center Inc.,80 BORDER STREET,,East Boston,02128,(617) 567-0047,Metro Boston,Region 6,Center-based Care,Licensed,Current,,,1996-09-17,36,7.0,,9.0,,20.0,,,,,,True,,Very Low,2026-03-03,"80 BORDER STREET, East Boston, MA 02128",42.375412023561,-71.03983133418,True,False,False,True,True,False,Pre-K only,S
P-170783,Little People's Playhouse Preschool & OST Program,Michele and Steven Bingham,32 SOUTH FAIRVIEW STREET,,Roslindale,02131,(617) 323-2566,Metro Boston,Region 6,Center-based Care,Licensed,Renewal in progress,,,1998-12-31,126,,,34.0,,72.0,,,,20.0,,True,,Moderate,2026-03-03,"32 SOUTH FAIRVIEW STREET, Roslindale, MA 02131",42.287299944915,-71.132622343254,True,True,True,False,True,False,Elementary and Middle,L
P-170796,"Park Street Kids, Inc.","Park Street Kids, Inc.",1 PARK STREET,,Boston,02108,(617) 523-4477,Metro Boston,Region 6,Center-based Care,Licensed,Current,,,2000-09-12,108,,,,18.0,90.0,,,,,,False,,Moderate,2026-03-03,"1 PARK STREET, Boston, MA 02108",42.356619222819,-71.06195013344,True,False,False,True,False,False,Pre-K only,L
P-170802,YMCA OF GREATER BOSTON CHILDREN'S CENTER AT BREMEN STREET,YMCA of Greater Boston,215 BREMEN STREET,,East Boston,02128,(617) 569-9622,Metro Boston,Region 6,Center-based Care,Licensed,Current,,,1999-05-19,93,,,9.0,9.0,75.0,,,,,,True,,Very Low,2026-03-03,"215 BREMEN STREET, East Boston, MA 02128",42.372996739236,-71.034012294007,True,False,False,True,True,False,Pre-K only,L
P-170822,South Boston Head Start @ West Broadway,"Action For Boston Community Development, Inc./ABCD",424 WEST BROADWAY,,South Boston,02127,(617) 269-5160,Metro Boston,Region 6,Center-based Care,Licensed,Current,,,1999-10-28,60,,,,,60.0,,,,,,True,,Very High,2026-03-03,"424 WEST BROADWAY, South Boston, MA 02127",42.336691476455,-71.047458049734,True,False,False,True,True,False,Pre-K only,M
P-170825,Kid's First Daycare and Learning Center Inc.,"Kid's First Daycare and Learning Center, Inc.",1190 ADAMS STREET,,Dorchester,02124,(617) 296-9061,Metro Boston,Region 6,Center-based Care,Licensed,Current,,,2000-02-01,20,,,,,20.0,,,,,,True,,Low,2026-03-03,"1190 ADAMS STREET, Dorchester, MA 02124",42.272198042081,-71.067434090015,True,False,False,True,True,False,Pre-K only,S
P-170973,Bright Horizons Family Center at Landmark,"Bright Horizons Childrenâs Centers, LLC","401 PARK DRIVE, SUITE 1-110",,Boston,02215,(617) 450-0790,Metro Boston,Region 6,Center-based Care,Licensed,Current,,,2000-10-20,88,21.0,,27.0,,40.0,,,,,,True,,High,2026-03-03,"401 PARK DRIVE, SUITE 1-110, Boston, MA 02215",42.345767530917,-71.10457684563,True,False,False,True,True,False,Pre-K only,L
P-170975,The Paul R. McLaughlin Center,Boys and Girls Club of Dorchester Inc,1135 DORCHESTER AVE,,Dorchester,02125-3303,(617) 288-7120,Metro Boston,Region 6,Center-based Care,Licensed,Current,,,2000-07-21,57,7.0,9.0,9.0,,32.0,,,,,,True,,Low,2026-03-03,"1135 DORCHESTER AVE, Dorchester, MA 02125-3303",42.311967253467,-71.057508608881,True,False,False,True,True,False,Pre-K only,M
P-171001,Pine Village Preschool,Pine Village Preschool - Current,120 ANTWERP STREET,,Brighton,02135,(857) 210-9055,Metro Boston,Region 6,Center-based Care,Licensed,Current,,,2001-08-31,58,,,18.0,,40.0,,,,,,True,,Low,2026-03-03,"120 ANTWERP STREET, Brighton, MA 02135",42.36199584321,-71.138644644285,True,False,False,True,True,False,Pre-K only,M
P-171007,Dorchester Preschool,"Neponset Child Care Center, Inc.",281A NEPONSET AVENUE,,Dorchester,02122,(617) 265-2665,Metro Boston,Region 6,Center-based Care,Licensed,Current,,,2003-05-27,29,,,9.0,,20.0,,,,,,True,,Moderate,2026-03-03,"281A NEPONSET AVENUE, Dorchester, MA 02122",42.289410505552,-71.047999852173,True,False,False,True,True,False,Pre-K only,S
P-171011,Paige Academy,Paige Academy Inc.,28 HIGHLAND AVENUE,,Roxbury,02119,(617) 442-5419,Metro Boston,Region 6,Center-based Care,Licensed,Current,,,2002-08-20,115,14.0,,,18.0,50.0,,8.0,,25.0,,True,,Low,2026-03-03,"28 HIGHLAND AVENUE, Roxbury, MA 02119",42.328667346491,-71.092770864089,True,True,True,True,True,False,Elementary and Middle,L
P-171020,Children's Services of Roxbury Early Care & Education Center,"Children's Services of Roxbury, Inc.",520 DUDLEY STREET,,Roxbury,02119,(617) 989-9617,Metro Boston,Region 6,Center-based Care,Licensed,Current,,,2003-02-04,103,10.0,9.0,36.0,18.0,30.0,,,,,,True,,Very Low,2026-03-03,"520 DUDLEY STREET, Roxbury, MA 02119",42.322246324144,-71.07251476978,True,False,False,True,True,False,Pre-K only,L
P-171021,Au Co Preschool,"Vietnamese American Initiative for Development, Inc",42 CHARLES STREET,,Dorchester,02122,(617) 822-3717,Metro Boston,Region 6,Center-based Care,Licensed,Renewal in progress,,,2002-11-15,49,,,,,49.0,,,,,,True,,Very Low,2026-03-03,"42 CHARLES STREET, Dorchester, MA 02122",42.300140037353,-71.063187660313,True,False,False,False,True,False,Pre-K only,M
P-171032,Parker Hill/ Fenway Head Start,"Action For Boston Community Development, Inc./ABCD",716 PARKER STREET,,Roxbury,02120,(617) 427-0464,Metro Boston,Region 6,Center-based Care,Licensed,Current,,,2003-02-24,76,,8.0,,,68.0,,,,,,True,,Low,2026-03-03,"716 PARKER STREET, Roxbury, MA 02120",42.331094860464,-71.097376873857,True,False,False,True,True,False,Pre-K only,M
P-171176,Vine St. Community Centers - SACC Program,"Vine Street Community Council, Inc",339 DUDLEY STREET,,Roxbury,02119,(617) 635-1286,Metro Boston,Region 6,Center-based Care,Licensed,Current,,,2019-01-29,99,,,,,,,,,99.0,,True,,Very Low,2026-03-03,"339 DUDLEY STREET, Roxbury, MA 02119",42.327036389689,-71.076626909175,False,True,True,True,True,False,Elementary and Middle,L
P-171183,Boys and Girls Clubs of Boston at South Boston,Boys and Girls Club of Boston,230 WEST SIXTH STREET,,South Boston,02127,(617) 516-5441,Metro Boston,Region 6,Center-based Care,Licensed,Renewal in progress,,,1989-02-13,43,,,,,,,,,43.0,,True,,Very High,2026-03-03,"230 WEST SIXTH STREET, South Boston, MA 02127",42.334879966832,-71.049926480449,False,True,True,False,True,False,Elementary and Middle,M
P-171184,South Boston Neighborhood House,South Boston Neighborhood House Inc,136 H STREET,,South Boston,02127,(617) 268-1619,Metro Boston,Region 6,Center-based Care,Licensed,Current,,,1998-04-14,61,,,,9.0,,,,,52.0,,True,,High,2026-03-03,"136 H STREET, South Boston, MA 02127",42.333071477431,-71.04140199708,True,True,True,True,True,False,Elementary and Middle,M
P-171189,RTH Afterschool Program,"Roxbury Tenants of Harvard Association, Inc.",835 Huntington Ave (REAR),,Boston,02115,(617) 232-4306,Metro Boston,Region 6,Center-based Care,Licensed,Current,,,1998-03-19,52,,,,,,,,,52.0,,False,,Very Low,2026-03-03,"835 Huntington Ave (REAR), Boston, MA 02115",42.333289994681,-71.109203288746,False,True,True,True,False,False,Elementary and Middle,M
P-171190,Red Oak After School Program,Boston Chinatown Neighborhood Center,38 Ash Street,,Boston,02111,(617) 249-2995,Metro Boston,Region 6,Center-based Care,Licensed,Renewal in progress,,,1989-07-03,99,,,,,,,,,99.0,,True,,Low,2026-03-03,"38 Ash Street, Boston, MA 02111",42.348694709374,-71.063415575337,False,True,True,False,True,False,Elementary and Middle,L
P-171191,Boys & Girls Club of Boston @ Charlestown Club,Boys and Girls Club of Boston,15 GREEN STREET,,Charlestown,02129,(617) 516-5519,Metro Boston,Region 6,Center-based Care,Licensed,Current,,,1989-04-02,39,,,,,,,,,39.0,,True,,High,2026-03-03,"15 GREEN STREET, Charlestown, MA 02129",42.376337480281,-71.063730957322,False,True,True,True,True,False,Elementary and Middle,S
P-171216,Boys and Girls Clubs @ Yawkey Club,Boys and Girls Club of Boston,115 WARREN STREET,,Roxbury,02119,(617) 835-3556,Metro Boston,Region 6,Center-based Care,Licensed,Renewal in progress,,,1996-08-14,52,,,,,,,,,52.0,,True,,Very Low,2026-03-03,"115 WARREN STREET, Roxbury, MA 02119",42.327065843968,-71.083375322138,False,True,True,False,True,False,Elementary and Middle,M
P-171217,UCCC @ Bird Street Youth Center,Uphams Corner Community Recreation Center,500 COLUMBIA RD,,Dorchester,02125-2322,(857) 453-9983,Metro Boston,Region 6,Center-based Care,Licensed,Renewal in progress,,,1996-07-15,33,,,,,,,,,33.0,,True,,Very Low,2026-03-03,"500 COLUMBIA RD, Dorchester, MA 02125-2322",42.314685004741,-71.067459633066,False,True,True,False,True,False,Elementary and Middle,S
P-171241,Ellis Education Center,"Ellis Memorial and Eldredge House, Inc.",66 Berkeley Street,,Boston,02116,(617) 377-4484,Metro Boston,Region 6,Center-based Care,Licensed,Current,,,1998-04-23,71,14.0,,18.0,,39.0,,,,,,True,,Very High,2026-03-03,"66 Berkeley Street, Boston, MA 02116",42.346717985662,-71.070920506129,True,False,False,True,True,False,Pre-K only,M
P-171403,KIDSART!,"Jamaica Plain Multicultural After Sch. Arts Program, Inc.",6 ELIOT STREET,,Jamaica Plain,02130,(617) 524-0818,Metro Boston,Region 6,Center-based Care,Licensed,Renewal in progress,,,1991-04-28,60,,,,,,,15.0,,45.0,,True,,Very High,2026-03-03,"6 ELIOT STREET, Jamaica Plain, MA 02130",42.310486497162,-71.116411584766,False,True,True,False,True,False,Elementary and Middle,M
P-171420,YMCA of Greater Boston @ the Lyndon K8 School,YMCA of Greater Boston,20 MOUNT VERNON STREET,,West Roxbury,02132,(857) 208-6356,Metro Boston,Region 6,Center-based Care,Licensed,Current,,,2022-09-06,98,,,,,20.0,,,,78.0,,True,,High,2026-03-03,"20 MOUNT VERNON STREET, West Roxbury, MA 02132",42.282926014942,-71.157638285676,True,True,True,True,True,False,Elementary and Middle,L
P-171450,YMCA of Greater Boston@ the Gardner Pilot Academy,YMCA of Greater Boston,30 ATHOL STREET,,Allston,02134,(857) 205-5632,Metro Boston,Region 6,Center-based Care,Licensed,Current,,,1997-04-04,137,,,,,20.0,,,,117.0,,True,,High,2026-03-03,"30 ATHOL STREET, Allston, MA 02134",42.360890598539,-71.134309320688,True,True,True,True,True,False,Elementary and Middle,L
P-171461,YMCA of Greater Boston @ the Kilmer K-8 School,YMCA of Greater Boston,35 BAKER STREET,,West Roxbury,02132,(857) 276-5055,Metro Boston,Region 6,Center-based Care,Licensed,Current,,,1998-01-05,49,,,,,10.0,,,,39.0,,True,,Moderate,2026-03-03,"35 BAKER STREET, West Roxbury, MA 02132",42.27155256517,-71.162952052876,True,True,True,True,True,False,Elementary and Middle,M
P-171462,YMCA of Greater Boston @ the Winship School,YMCA of Greater Boston,54 DIGHTON STREET,,Brighton,02135,(617) 645-4509,Metro Boston,Region 6,Center-based Care,Licensed,Current,,,1998-01-20,62,,,,,10.0,,,,52.0,,True,,Moderate,2026-03-03,"54 DIGHTON STREET, Brighton, MA 02135",42.347770091557,-71.155325029499,True,True,True,True,True,False,Elementary and Middle,M
P-171469,Access Enrichment Program,"American Chinese Christian Educational & Social Services, Inc.",244 HARRISON AVENUE,,Boston,02111,(617) 426-1070,Metro Boston,Region 6,Center-based Care,Licensed,Current,,,1998-05-22,52,,,,,,,,,52.0,,True,,Low,2026-03-03,"244 HARRISON AVENUE, Boston, MA 02111",42.347708325622,-71.062630080149,False,True,True,True,True,False,Elementary and Middle,M
P-171708,Swift Waters After School Programs,Little Folks Community Day Care Center Inc.,172 Saratoga St,,East Boston,02128,(617) 567-5076,Metro Boston,Region 6,Center-based Care,Licensed,Renewal in progress,,,1999-09-08,29,,,,,,,,,29.0,,True,,Very Low,2026-03-03,"172 Saratoga St, East Boston, MA 02128",42.377280953106,-71.034737309955,False,True,True,False,True,False,Elementary and Middle,S
P-171711,YMCA Of Greater Boston @ the McKay K-8 School,YMCA of Greater Boston,122 COTTAGE STREET,,East Boston,02128,(857) 972-2896,Metro Boston,Region 6,Center-based Care,Licensed,Renewal in progress,,,1999-09-08,26,,,,,,,,,26.0,,True,,Low,2026-03-03,"122 COTTAGE STREET, East Boston, MA 02128",42.368644237782,-71.034454032761,False,True,True,False,True,False,Elementary and Middle,S
P-171715,South End After School Program,Salvation Army - Canton,1500 Washington Street,,Boston,02118-2015,(617) 536-5260,Metro Boston,Region 6,Center-based Care,Licensed,Current,,,2000-01-24,52,,,,,,,,,52.0,,True,,Low,2026-03-03,"1500 Washington Street, Boston, MA 02118-2015",42.339978472999,-71.071832010546,False,True,True,True,True,False,Elementary and Middle,M
P-171725,YMCA of Greater Boston at the Adams Elementary School,YMCA of Greater Boston,165 Webster Street,,Boston,02128,(857) 972-2896,Metro Boston,Region 6,Center-based Care,Licensed,Current,,,2000-09-06,26,,,,,,,,,26.0,,True,,Low,2026-03-03,"165 Webster Street, Boston, MA 02128",42.365693039034,-71.034841895014,False,True,True,True,True,False,Elementary and Middle,S
P-171756,Hennigan After School Tutoring Program,Jamaica Plain Community Center Inc.,200 HEATH STREET,,Jamaica Plain,02130,(617) 635-5198,Metro Boston,Region 6,Center-based Care,Licensed,Renewal in progress,,,2004-01-15,52,,,,,,,,,52.0,,True,,High,2026-03-03,"200 HEATH STREET, Jamaica Plain, MA 02130",42.326500059638,-71.106659711566,False,True,True,False,True,False,Elementary and Middle,M
P-177055,Roslindale Community School Council After School,"Roslindale Community Center Council, Inc.",6 Cummins Highway,,Roslindale,02131,(617) 635-5185,Metro Boston,Region 6,Center-based Care,Licensed,Current,,,2024-12-02,26,,,,,,,,,26.0,,True,,Low,2026-03-03,"6 Cummins Highway, Roslindale, MA 02131",42.286347766557,-71.127855221874,False,True,True,True,True,False,Elementary and Middle,S
P-177140,Bright Horizons @ Seaport,"Bright Horizons Childrenâs Centers, LLC",30 WORLD TRADE CENTER AVE,,Boston,02210,(617) 946-0682,Metro Boston,Region 6,Center-based Care,Licensed,Current,,,2003-10-15,54,7.0,9.0,9.0,9.0,20.0,,,,,,True,,High,2026-03-03,"30 WORLD TRADE CENTER AVE, Boston, MA 02210",42.349381953962,-71.042178804798,True,False,False,True,True,False,Pre-K only,M
P-177158,East Boston Head Start,"Action For Boston Community Development, Inc./ABCD",120 CONDOR ST # 130,,East Boston,02128-,(617) 567-8855,Metro Boston,Region 6,Center-based Care,Licensed,Current,,,2004-10-21,68,,40.0,,8.0,20.0,,,,,,True,,Very Low,2026-03-03,"120 CONDOR ST # 130, East Boston, MA 02128-",42.382654243022,-71.037403511168,True,False,False,True,True,False,Pre-K only,M
P-177179,"Little Voices Early Care and Education, Inc.","Little Voices Early and Education, Inc",104 NEEDHAM ROAD,,Hyde Park,02136,(617) 361-5555,Metro Boston,Region 6,Center-based Care,Licensed,Current,,,2007-10-02,35,7.0,9.0,9.0,,10.0,,,,,,True,,Low,2026-03-03,"104 NEEDHAM ROAD, Hyde Park, MA 02136",42.242492733807,-71.123158517057,True,False,False,True,True,False,Pre-K only,S
P-177181,Wee Care JP,Wee Care J.P Corp,305 LAMARTINE ST,,Jamaica Plain,02130-2235,(617) 522-7901,Metro Boston,Region 6,Center-based Care,Licensed,Current,,,2004-12-20,36,,,9.0,13.0,14.0,,,,,,True,,High,2026-03-03,"305 LAMARTINE ST, Jamaica Plain, MA 02130-2235",42.312721619816,-71.108060977584,True,False,False,True,True,False,Pre-K only,S
P-177182,Sunny Bear Academy,Sunny Bear Toddler Playcare Program,177 GREEN ST,,Jamaica Plain,02130,(617) 469-3977,Metro Boston,Region 6,Center-based Care,Licensed,Current,,,2005-01-13,48,17.0,,13.0,,,18.0,,,,,True,,Low,2026-03-03,"177 GREEN ST, Jamaica Plain, MA 02130",42.310068883432,-71.106217063488,True,True,False,True,True,False,Pre-K and Elementary,M
P-177183,The Mosaic School,"The Mosaic School, Inc",3859 WASHINGTON STEET,,Roslindale,02131,(617) 524-1155,Metro Boston,Region 6,Center-based Care,Licensed,Renewal in progress,,,2005-01-31,76,,,,36.0,40.0,,,,,,False,,Very Low,2026-03-03,"3859 WASHINGTON STEET, Roslindale, MA 02131",42.296290375621,-71.117770431845,True,False,False,False,False,False,Pre-K only,M
P-177231,Excel Academy Inc.,"Excel Academy, Inc.",1105 BLUE HILL AVENUE,,Dorchester,02124,(617) 282-9100,Metro Boston,Region 6,Center-based Care,Licensed,Renewal in progress,,,2006-11-09,71,10.0,9.0,9.0,,30.0,,,,13.0,,True,,Very Low,2026-03-03,"1105 BLUE HILL AVENUE, Dorchester, MA 02124",42.286814124035,-71.090770578466,True,True,True,False,True,False,Elementary and Middle,M
P-177327,Sunrise Learning Academy LLC,Sunrise Learning Academy LLC,131 CAMBRIDGE STREET,,Boston,02114,(617) 227-6402,Metro Boston,Region 6,Center-based Care,Licensed,Current,,,2007-10-02,66,14.0,16.0,9.0,9.0,18.0,,,,,,True,,Very High,2026-03-03,"131 CAMBRIDGE STREET, Boston, MA 02114",42.361252040579,-71.066135894776,True,False,False,True,True,False,Pre-K only,M
P-177343,Good Shepherd Preschool,Good Shepherd School,20 Winthrop Street,,Charlestown,02129-3609,(617) 242-8800,Metro Boston,Region 6,Center-based Care,Licensed,Current,,,2009-10-28,75,,,,9.0,66.0,,,,,,True,,High,2026-03-03,"20 Winthrop Street, Charlestown, MA 02129-3609",42.373837792886,-71.061505277361,True,False,False,True,True,False,Pre-K only,M
P-177385,Bright Horizons Family Solution @ Beacon Hill,"Bright Horizons Childrenâs Centers, LLC",100 CAMBRIDGE ST STE 104,,Boston,02114-2532,(617) 843-3670,Metro Boston,Region 6,Center-based Care,Licensed,Current,,,2007-07-02,113,28.0,,45.0,,20.0,20.0,,,,,True,,Moderate,2026-03-03,"100 CAMBRIDGE ST STE 104, Boston, MA 02114-2532",42.360988608209,-71.061575816465,True,True,False,True,True,False,Pre-K and Elementary,L
P-177391,Lighthouse Early Learning Center,Arabic Evangelical Baptist Church,222 SPRING STREET,,West Roxbury,02132,(617) 588-1288,Metro Boston,Region 6,Center-based Care,Licensed,Renewal in progress,,,2007-12-04,64,21.0,,24.0,9.0,10.0,,,,,,True,,Moderate,2026-03-03,"222 SPRING STREET, West Roxbury, MA 02132",42.274289678214,-71.169080052528,True,False,False,False,True,False,Pre-K only,M
P-177392,Charlestown Cooperative Nursery School,"Charlestown Cooperative Nursery School, Inc.",124 MAIN ST,,Charlestown,02129,(617) 242-5159,Metro Boston,Region 6,Center-based Care,Licensed,Current,,,2007-09-10,54,,,18.0,,36.0,,,,,,False,,High,2026-03-03,"124 MAIN ST, Charlestown, MA 02129",42.374499779165,-71.06378278758,True,False,False,True,False,False,Pre-K only,M
P-177393,Sunshine Childcare I,"Sunshine Learning and Care, Inc",236 HARRISON AVENUE,,Boston,02111,(617) 426-3083,Metro Boston,Region 6,Center-based Care,Licensed,Renewal in progress,,,2007-09-28,29,,,,9.0,20.0,,,,,,True,,Low,2026-03-03,"236 HARRISON AVENUE, Boston, MA 02111",42.347772575799,-71.062602974605,True,False,False,False,True,False,Pre-K only,S
P-177456,Pine Village c/o St.John's Episcopal Church,Pine Village Preschool - Current,One Roanoke Avenue,,Jamaica Plain,02130-2817,(857) 998-0397,Metro Boston,Region 6,Center-based Care,Licensed,Current,,,2008-10-21,46,,,26.0,,20.0,,,,,,True,,High,2026-03-03,"One Roanoke Avenue, Jamaica Plain, MA 02130-2817",42.310269605546,-71.110411376901,True,False,False,True,True,False,Pre-K only,M
P-177495,Pine Village Preschool,Pine Village Preschool - Current,700 HARRISON AVE,,Boston,02118-2631,(617) 294-5542,Metro Boston,Region 6,Center-based Care,Licensed,Current,,,2009-09-08,45,,,18.0,,27.0,,,,,,True,,Low,2026-03-03,"700 HARRISON AVE, Boston, MA 02118-2631",42.338700390381,-71.07036181158,True,False,False,True,True,False,Pre-K only,M
P-177509,Buds and Blossoms Early Education and Care Center,Asian American Civic Association,87 TYLER STREET,,Boston,02111,(617) 426-9492,Metro Boston,Region 6,Center-based Care,Licensed,Current,,,2009-12-29,57,11.0,17.0,,9.0,20.0,,,,,,True,,Low,2026-03-03,"87 TYLER STREET, Boston, MA 02111",42.348897707008,-71.061540123253,True,False,False,True,True,False,Pre-K only,M
P-177510,YMCA of Greater Boston At the Boston Teachers Union School,YMCA of Greater Boston,25 Walk Hill Street,,Jamaica Plain,02130,(617) 631-4615,Metro Boston,Region 6,Center-based Care,Licensed,Current,,,2009-10-19,36,,,,,,10.0,,,26.0,,True,,Moderate,2026-03-03,"25 Walk Hill Street, Jamaica Plain, MA 02130",42.294588914621,-71.115474395512,True,True,True,True,True,False,Elementary and Middle,S
P-177593,A Child's View,Day Care Consulants  Inc.,56 PLEASANT STREET,,Dorchester,02125,(617) 929-3658,Metro Boston,Region 6,Center-based Care,Licensed,Renewal in progress,,,2009-08-27,100,14.0,9.0,27.0,,50.0,,,,,,True,,Low,2026-03-03,"56 PLEASANT STREET, Dorchester, MA 02125",42.314934009906,-71.059869616183,True,False,False,False,True,False,Pre-K only,L
P-177600,Kids Club Childcare and Preschool Center Inc,Kids Club,1208 VFW PARKWAY,,West Roxbury,02132,(617) 363-0090,Metro Boston,Region 6,Center-based Care,Licensed,Renewal in progress,,,2009-10-08,57,10.0,18.0,,9.0,20.0,,,,,,True,,Moderate,2026-03-03,"1208 VFW PARKWAY, West Roxbury, MA 02132",42.279402498857,-71.171129494578,True,False,False,False,True,False,Pre-K only,M
P-177728,YMCA of Greater Boston at the Winthrop Elementary School,YMCA of Greater Boston,35 BROOKFORD STREET,,Dorchester,02125,(617) 835-0893,Metro Boston,Region 6,Center-based Care,Licensed,Current,,,2006-09-11,52,,,,,,,,,52.0,,True,,Very Low,2026-03-03,"35 BROOKFORD STREET, Dorchester, MA 02125",42.31836695477,-71.075408917841,False,True,True,True,True,False,Elementary and Middle,M
P-177801,Twelfth Baptist Church After School Program,S.A.M.H.  Corporation,150 WARREN STREET,,Roxbury,02119,(617) 427-5158,Metro Boston,Region 6,Center-based Care,Licensed,Current,,,2004-09-17,26,,,,,,,,,26.0,,True,,Very Low,2026-03-03,"150 WARREN STREET, Roxbury, MA 02119",42.325618664086,-71.083197315345,False,True,True,True,True,False,Elementary and Middle,S
P-177874,Roslindale Learning Academy,Roslindale Learning Academy,6 Basile St,,Roslindale,02131-2502,(617) 942-8258,Metro Boston,Region 6,Center-based Care,Licensed,Current,,,2024-02-21,48,13.0,9.0,,8.0,,18.0,,,,,True,,Low,2026-03-03,"6 Basile St, Roslindale, MA 02131-2502",42.287074420039,-71.127208030722,True,True,False,True,True,False,Pre-K and Elementary,M
P-177896,YMCA of Greater Boston @ the Bates Elementary School,YMCA of Greater Boston,426 BEECH STREET,,Roslindale,02131,(617) 512-5640,Metro Boston,Region 6,Center-based Care,Licensed,Current,,,2022-08-26,52,,,,,,,,,52.0,,True,,Low,2026-03-03,"426 BEECH STREET, Roslindale, MA 02131",42.277118640039,-71.135011794244,False,True,True,True,True,False,Elementary and Middle,M
P-177974,YMCA of Greater Boston at the Thomas M. Menino Y OST,YMCA of Greater Boston,1137 RIVER STREET,,Hyde Park,02136,(617) 631-4615,Metro Boston,Region 6,Center-based Care,Licensed,Current,,,2009-09-09,99,,,,,8.0,,,,91.0,,True,,Very Low,2026-03-03,"1137 RIVER STREET, Hyde Park, MA 02136",42.257481033209,-71.119791603884,True,True,True,True,True,False,Elementary and Middle,L
P-178004,Square Roots,"Castle Square Tenants Organization,Inc",460 TREMONT STREET #3,,Boston,02116,(617) 482-4605,Metro Boston,Region 6,Center-based Care,Licensed,Renewal in progress,,,2008-09-26,52,,,,,,,,,52.0,,True,,Low,2026-03-03,"460 TREMONT STREET #3, Boston, MA 02116",42.346243798606,-71.069226799078,False,True,True,False,True,False,Elementary and Middle,M
P-178042,YMCA of Greater Boston At the King K-8 School,YMCA of Greater Boston,77 LAWRENCE AVENUE,,Dorchester,02121,(857) 972-2896,Metro Boston,Region 6,Center-based Care,Licensed,Current,,,2009-09-28,65,,,,,,,,,65.0,,True,,Very Low,2026-03-03,"77 LAWRENCE AVENUE, Dorchester, MA 02121",42.31139641437,-71.075996818797,False,True,True,True,True,False,Elementary and Middle,M
P-178043,Bird Street Cmty Ctr. ASP@ Higginson-Lewis K2-8 Before and After School Program,Uphams Corner Community Recreation Center,131 WALNUT AVENUE,,Roxbury,02119,(617) 282-6110,Metro Boston,Region 6,Center-based Care,Licensed,Renewal in progress,,,2009-10-14,39,,,,,,,,,39.0,,True,,Very Low,2026-03-03,"131 WALNUT AVENUE, Roxbury, MA 02119",42.321478022752,-71.085643804905,False,True,True,False,True,False,Elementary and Middle,S
P-182795,YMCA OF GREATER BOSTON @ MENDELL ELEMENTARY SCHOOL,YMCA of Greater Boston,164 SCHOOL ST,,Roxbury,02119,(781) 223-4367,Metro Boston,Region 6,Center-based Care,Licensed,Current,,,2010-09-02,49,,,,,,10.0,,,39.0,,True,,Moderate,2026-03-03,"164 SCHOOL ST, Roxbury, MA 02119",42.316731365728,-71.101286247125,True,True,True,True,True,False,Elementary and Middle,M
P-182803,Bright Horizons at Berkeley,"Bright Horizons Childrenâs Centers, LLC",190 - 200 BERKELEY STREET,210 Berkeley Street,Boston,02116,(617) 536-1035,Metro Boston,Region 6,Center-based Care,Licensed,Current,,,2010-09-03,104,28.0,9.0,27.0,,20.0,20.0,,,,,True,,High,2026-03-03,"190 - 200 BERKELEY STREET, Boston, MA 02116",42.350266774722,-71.072671952175,True,True,False,True,True,False,Pre-K and Elementary,L
P-183040,YMCA of Greater Boston @ Ashley Street,YMCA of Greater Boston,54 ASHLEY STREET,,East Boston,02128,(857) 972-2896,Metro Boston,Region 6,Center-based Care,Licensed,Renewal in progress,,,2010-09-21,65,,,,,,,,,65.0,,True,,Low,2026-03-03,"54 ASHLEY STREET, East Boston, MA 02128",42.388120356749,-71.006688386891,False,True,True,False,True,False,Elementary and Middle,M
P-183296,Childrens House Montessori,Childrens House Montessori,120 COREY STREET,,West Roxbury,02132,(617) 325-2233,Metro Boston,Region 6,Center-based Care,Licensed,Renewal in progress,,,2011-08-25,39,,,,,39.0,,,,,,False,,High,2026-03-03,"120 COREY STREET, West Roxbury, MA 02132",42.287835078723,-71.156733365186,True,False,False,False,False,False,Pre-K only,S
P-183300,Harbor City School,Harbor City School,196 PUTNAM ST,,East Boston,02128-1485,(617) 418-5146,Metro Boston,Region 6,Center-based Care,Licensed,Current,,,2011-09-02,40,,,,,40.0,,,,,,True,,Very Low,2026-03-03,"196 PUTNAM ST, East Boston, MA 02128-1485",42.376737226864,-71.029985804649,True,False,False,True,True,False,Pre-K only,M
P-183524,Little Voices Early Care and Education @ the Community Center,"Little Voices Early and Education, Inc",1179 RIVER ST,,Hyde Park,02136-2962,(617) 361-5555,Metro Boston,Region 6,Center-based Care,Licensed,Current,,,2011-10-25,86,,,,,60.0,,,,26.0,,True,,Very Low,2026-03-03,"1179 RIVER ST, Hyde Park, MA 02136-2962",42.256801809891,-71.120366792623,True,True,True,True,True,False,Elementary and Middle,L
P-183564,The Torit School,The Torit School,300 Cambridge Street,,Boston,02114,(857) 350-4840,Metro Boston,Region 6,Center-based Care,Licensed,Renewal in progress,,,2011-09-02,71,12.0,,19.0,,40.0,,,,,,True,,High,2026-03-03,"300 Cambridge Street, Boston, MA 02114",42.361032291637,-71.068393631509,True,False,False,False,True,False,Pre-K only,M
P-184036,Little Panda Early Learning and Care Center,Little Panda Early Learning and Care Center,285 TREMONT STREET,,Boston,02116,(617) 423-0500,Metro Boston,Region 6,Center-based Care,Licensed,Current,,,2012-05-10,52,7.0,7.0,9.0,9.0,20.0,,,,,,True,,Low,2026-03-03,"285 TREMONT STREET, Boston, MA 02116",42.349332400798,-71.06546847448,True,False,False,True,True,False,Pre-K only,M
P-184047,CCLC at School Street,"KinderCare Education, LLC",44 SCHOOL STREET,,Boston,02108,(617) 227-0554,Metro Boston,Region 6,Center-based Care,Licensed,Renewal in progress,,,2012-01-13,38,7.0,,18.0,,13.0,,,,,,True,,Moderate,2026-03-03,"44 SCHOOL STREET, Boston, MA 02108",42.357762486394,-71.059495524364,True,False,False,False,True,False,Pre-K only,S
P-184057,Sunkissed Acorns,Sunkissed Acorns,342 TREMONT STREET,,Boston,02116,(617) 338-2127,Metro Boston,Region 6,Center-based Care,Licensed,Renewal in progress,,,2012-06-06,32,14.0,,9.0,9.0,,,,,,,True,,Low,2026-03-03,"342 TREMONT STREET, Boston, MA 02116",42.348674686119,-71.066420130726,True,False,False,False,True,False,Pre-K only,S
P-184274,Tarttâs Day Care Center and Private Kindergarten II,Tartt's Day Care Center & Private Kindergarten Inc.,495 Harrison Avenue,,Boston,02118,(617) 426-4300,Metro Boston,Region 6,Center-based Care,Licensed,Renewal in progress,,,2012-04-05,41,,,31.0,,10.0,,,,,,False,,Low,2026-03-03,"495 Harrison Avenue, Boston, MA 02118",42.341723626666,-71.066722508542,True,False,False,False,False,False,Pre-K only,M
P-184277,Arcadia Learning Academy,Arcadia Learning Academy,600 Columbia Road,,Dorchester,02125,(617) 825-7500,Metro Boston,Region 6,Center-based Care,Licensed,Current,,,2012-06-12,41,7.0,17.0,7.0,,10.0,,,,,,True,,Very Low,2026-03-03,"600 Columbia Road, Dorchester, MA 02125",42.317355386561,-71.064795788586,True,False,False,True,True,False,Pre-K only,M
P-184506,Kwong Kow Chinese School,Kwong Kow Chinese School,87 TYLER STREET,,Boston,02111,(617) 426-6716,Metro Boston,Region 6,Center-based Care,Licensed,Current,,,2015-06-24,130,,,,,,,,,130.0,,True,,Low,2026-03-03,"87 TYLER STREET, Boston, MA 02111",42.348897707008,-71.061540123253,False,True,True,True,True,False,Elementary and Middle,L
P-184523,Pine Village PreSchool,Pine Village Preschool - Current,57 SOUTH STREET,,Jamaica Plain,02130,(857) 203-9655,Metro Boston,Region 6,Center-based Care,Licensed,Renewal in progress,,,2012-09-10,67,,,18.0,9.0,40.0,,,,,,True,,High,2026-03-03,"57 SOUTH STREET, Jamaica Plain, MA 02130",42.30790185123,-71.115597716343,True,False,False,False,True,False,Pre-K only,M
P-184527,Pathways to Nature Preschool,"Massachusetts Audubon Society, Inc.",450 B/C Walkhill St,,Mattapan,02126,(617) 983-8500,Metro Boston,Region 6,Center-based Care,Licensed,Current,,,2013-01-08,39,,,,,39.0,,,,,,True,,Very Low,2026-03-03,"450 B/C Walkhill St, Mattapan, MA 02126",42.285843340535,-71.104194927348,True,False,False,True,True,False,Pre-K only,S
P-184542,Little Sprouts So. End,"Little Sprouts, LLC",160 East Berkeley Street,,Boston,02118,(857) 263-7946,Metro Boston,Region 6,Center-based Care,Licensed,Renewal in progress,,,2012-10-17,45,7.0,9.0,9.0,,20.0,,,,,,True,,Low,2026-03-03,"160 East Berkeley Street, Boston, MA 02118",42.343684320996,-71.064799244163,True,False,False,False,True,False,Pre-K only,M
P-184549,Little Sprouts LLC,"Little Sprouts, LLC",815 ALBANY STREET,,Boston,02119,(617) 708-1714,Metro Boston,Region 6,Center-based Care,Licensed,Renewal in progress,,,2012-12-04,70,14.0,9.0,18.0,9.0,20.0,,,,,,True,,Very Low,2026-03-03,"815 ALBANY STREET, Boston, MA 02119",42.332218128633,-71.075391984035,True,False,False,False,True,False,Pre-K only,M
P-184754,Our Future Learning Center Brighton,"FTCC Allston, LLC",320 WASHINGTON STREET,,Brighton,02135,(508) 552-3259,Metro Boston,Region 6,Center-based Care,Licensed,Current,,,2013-04-26,76,14.0,9.0,18.0,,35.0,,,,,,True,,Moderate,2026-03-03,"320 WASHINGTON STREET, Brighton, MA 02135",42.34897723309,-71.151826986415,True,False,False,True,True,False,Pre-K only,M
P-184765,Our Future Learning Center Allston,"FTCC Allston, LLC",20 Linden Street,,Allston,02134,(508) 552-3249,Metro Boston,Region 6,Center-based Care,Licensed,Renewal in progress,,,2013-04-24,115,14.0,27.0,18.0,,56.0,,,,,,True,,Low,2026-03-03,"20 Linden Street, Allston, MA 02134",42.355076889524,-71.130616801525,True,False,False,False,True,False,Pre-K only,L
P-185062,YMCA of Greater Boston at Washington Beech,YMCA of Greater Boston,4560 WASHINGTON STREET,,Roslindale,02131,(857) 208-6356,Metro Boston,Region 6,Center-based Care,Licensed,Renewal in progress,,,2013-09-25,38,,,,,,,,,38.0,,True,,Very Low,2026-03-03,"4560 WASHINGTON STREET, Roslindale, MA 02131",42.277744154205,-71.137560586269,False,True,True,False,True,False,Elementary and Middle,S
P-185280,Bright Horizons at Fan Pier,"Bright Horizons Childrenâs Centers, LLC",19 Bond Drive,,Boston,02210,(617) 737-1296,Metro Boston,Region 6,Center-based Care,Licensed,Current,,,2014-06-30,142,28.0,,54.0,,40.0,,,,20.0,,True,,Very High,2026-03-03,"19 Bond Drive, Boston, MA 02210",42.353897530922,-71.046216076378,True,True,True,True,True,False,Elementary and Middle,L
P-185540,YMCA of Greater Boston at the Mozart Elementary School,YMCA of Greater Boston,236 BEECH ST.,,Roslindale,02131,(857) 208-6356,Metro Boston,Region 6,Center-based Care,Licensed,Current,,,2014-09-08,78,,,,,,,,,78.0,,True,,High,2026-03-03,"236 BEECH ST., Roslindale, MA 02131",42.281267272367,-71.141483569818,False,True,True,True,True,False,Elementary and Middle,M
P-185561,Bright Horizons at Charlestown,"Bright Horizons Childrenâs Centers, LLC",55  Constitution Road,,Charlestown,02129,(617) 241-2888,Metro Boston,Region 6,Center-based Care,Licensed,Current,,,2015-03-20,122,28.0,9.0,36.0,9.0,40.0,,,,,,True,,High,2026-03-03,"55  Constitution Road, Charlestown, MA 02129",42.371900388267,-71.059539752501,True,False,False,True,True,False,Pre-K only,L
P-185844,"Ijaabo Children's Learning Center, Inc.","Ijaabo, Inc.",1424 TREMONT STREET #2,,Roxbury,02120,(617) 652-7636,Metro Boston,Region 6,Center-based Care,Licensed,Current,,,2015-09-01,49,7.0,6.0,17.0,9.0,10.0,,,,,,True,,Low,2026-03-03,"1424 TREMONT STREET #2, Roxbury, MA 02120",42.331597766595,-71.096232598,True,False,False,True,True,False,Pre-K only,M
P-185851,The Learning Tree Preschool Inc.,"The Learning Tree Preschool,  Inc.",1858 Center Street,,West Roxbury,02132,(617) 942-8485,Metro Boston,Region 6,Center-based Care,Licensed,Current,,,2017-06-12,44,,,9.0,17.0,18.0,,,,,,True,,High,2026-03-03,"1858 Center Street, West Roxbury, MA 02132",42.286212581925,-71.154575104979,True,False,False,True,True,False,Pre-K only,M
P-187069,YMCA of Greater Boston at Parkway Community YMCA,YMCA of Greater Boston,1972 Centre Street,,West Roxbury,02132,(617) 981-2351,Metro Boston,Region 6,Center-based Care,Licensed,Renewal in progress,,,2016-11-30,150,,,,,,,,,150.0,,True,,High,2026-03-03,"1972 Centre Street, West Roxbury, MA 02132",42.282935403453,-71.157199141351,False,True,True,False,True,False,Elementary and Middle,XL
P-187089,Bright Horizons at Dartmouth Street,"Bright Horizons Childrenâs Centers, LLC",441 Stuart Street,,Boston,02116,(617) 603-2570,Metro Boston,Region 6,Center-based Care,Licensed,Current,,,2016-10-31,51,7.0,,9.0,,15.0,,,,20.0,,False,,High,2026-03-03,"441 Stuart Street, Boston, MA 02116",42.348513234473,-71.075833183812,True,True,True,True,False,False,Elementary and Middle,M
P-187092,YMCA of Greater Boston @ Mattahunt Elementary School,YMCA of Greater Boston,100 Hebron Street,,Mattapan,02126,(857) 408-0162,Metro Boston,Region 6,Center-based Care,Licensed,Current,,,2025-10-10,26,,,,,,,,,26.0,,True,,Very Low,2026-03-03,"100 Hebron Street, Mattapan, MA 02126",42.274565940901,-71.105695507223,False,True,True,True,True,False,Elementary and Middle,S
P-187185,ABCD Allston Brighton Headstart,"Action For Boston Community Development, Inc./ABCD",41 Quint Avenue,,Allston,02134,(617) 903-3494,Metro Boston,Region 6,Center-based Care,Licensed,Current,,,2016-11-08,39,,,,,39.0,,,,,,True,,Low,2026-03-03,"41 Quint Avenue, Allston, MA 02134",42.35165185773,-71.134070164096,True,False,False,True,True,False,Pre-K only,S
P-187303,Idiil Learning Center-Boston,Idiil Learning Center,366 Tremont Street,,Boston,02111,(617) 501-0739,Metro Boston,Region 6,Center-based Care,Licensed,Current,,,2021-04-29,35,,,,,,,,,35.0,,True,,Low,2026-03-03,"366 Tremont Street, Boston, MA 02111",42.348578558913,-71.066830078308,False,True,True,True,True,False,Elementary and Middle,S
P-187395,Little Panda Early Learning and Care Center,Little Panda Early Learning and Care Center,1313 Washington Street Unit 107,,Boston,02118,(857) 250-4080,Metro Boston,Region 6,Center-based Care,Licensed,Renewal in progress,,,2017-08-24,34,7.0,9.0,,9.0,9.0,,,,,,False,,Very High,2026-03-03,"1313 Washington Street Unit 107, Boston, MA 02118",42.341851513219,-71.068479634743,True,False,False,False,False,False,Pre-K only,S
P-187523,Little Scholars Learning Academy,Little Scholars Learning Academy,438 River Street,,Mattapan,02126,(617) 322-1115,Metro Boston,Region 6,Center-based Care,Licensed,Current,,,2017-07-07,69,14.0,9.0,9.0,17.0,8.0,12.0,,,,,True,,Very Low,2026-03-03,"438 River Street, Mattapan, MA 02126",42.269018020388,-71.091598755707,True,True,False,True,True,False,Pre-K and Elementary,M
P-187594,Bridge to Nature,"Massachusetts Audubon Society, Inc.",500 Walk Hill Street,,Mattapan,02126,(617) 983-8500,Metro Boston,Region 6,Center-based Care,Licensed,Current,,,2017-09-05,37,,,,,37.0,,,,,,True,,Very Low,2026-03-03,"500 Walk Hill Street, Mattapan, MA 02126",42.282341574181,-71.099521445457,True,False,False,True,True,False,Pre-K only,S
P-187600,Sunrise Learning Academy 3,Sunrise Learning Academy LLC,25 Channel Center Street,,Boston,02210,(617) 951-3967,Metro Boston,Region 6,Center-based Care,Licensed,Renewal in progress,,,2017-05-31,77,21.0,18.0,18.0,,20.0,,,,,,True,,Very High,2026-03-03,"25 Channel Center Street, Boston, MA 02210",42.346317015418,-71.050841473936,True,False,False,False,True,False,Pre-K only,M
P-187612,Stony Brook School,Stony Brook School,21-D 35K Bismarck Street,,Jamaica Plain,02130,(617) 990-6453,Metro Boston,Region 6,Center-based Care,Licensed,Current,,,2017-09-13,36,,,,,36.0,,,,,,True,,Moderate,2026-03-03,"21-D 35K Bismarck Street, Jamaica Plain, MA 02130",42.315193004303,-71.102556607525,True,False,False,True,True,False,Pre-K only,S
P-187660,RTH Early Education Center,YMCA of Greater Boston,82 Fenwood Road,,Roxbury,02115,(857) 928-5580,Metro Boston,Region 6,Center-based Care,Licensed,Current,,,2017-07-11,90,14.0,9.0,18.0,9.0,40.0,,,,,,True,,Very Low,2026-03-03,"82 Fenwood Road, Roxbury, MA 02115",42.335856449948,-71.108919298295,True,False,False,True,True,False,Pre-K only,L
P-187728,YMCA of Greater Boston @ John F. Kennedy Elementary School,YMCA of Greater Boston,7 Bolster Street,,Jamaica Plain,02130,(857) 972-2896,Metro Boston,Region 6,Center-based Care,Licensed,Renewal in progress,,,2017-10-10,49,,,,,10.0,,,,39.0,,True,,Low,2026-03-03,"7 Bolster Street, Jamaica Plain, MA 02130",42.321896862204,-71.106202811315,True,True,True,False,True,False,Elementary and Middle,M
P-187730,YMCA of Greater Boston @ Conservatory Lab,YMCA of Greater Boston,133 Hancock Street,,Dorchester,02125,(781) 223-4367,Metro Boston,Region 6,Center-based Care,Licensed,Current,,,2022-08-12,49,,,,,10.0,,,,39.0,,True,,Very Low,2026-03-03,"133 Hancock Street, Dorchester, MA 02125",42.311576730899,-71.063126913342,True,True,True,True,True,False,Elementary and Middle,M
P-187801,Boston Rainbow Bridge Child Care,Boston Rainbow Bridge Child Care,15 North Beacon Street,Suite NR-2,Allston,02134,(612) 396-2958,Metro Boston,Region 6,Center-based Care,Licensed,Current,,,2017-11-03,69,,8.0,18.0,,43.0,,,,,,True,,Low,2026-03-03,"15 North Beacon Street, Allston, MA 02134",42.353782681634,-71.13848797908,True,False,False,True,True,False,Pre-K only,M
P-209951,Epiphany School Early Learning Center,Epiphany School Early Learning Center,230 Centre Street,,Dorchester,02124,(617) 545-8200,Metro Boston,Region 6,Center-based Care,Licensed,Current,,,2018-09-04,72,14.0,9.0,9.0,,40.0,,,,,,True,,Low,2026-03-03,"230 Centre Street, Dorchester, MA 02124",42.293365746253,-71.06335798776,True,False,False,True,True,False,Pre-K only,M
P-209975,Ethos,"Nido South Boston, LLC",416 West Broadway,,South Boston,02127,(617) 315-7166,Metro Boston,Region 6,Center-based Care,Licensed,Current,,,2018-04-12,68,21.0,,27.0,,20.0,,,,,,True,,Very High,2026-03-03,"416 West Broadway, South Boston, MA 02127",42.336815624489,-71.047649532251,True,False,False,True,True,False,Pre-K only,M
P-210484,Thrive Childcare Center LLC,"Thrive Childcare Center, LLC",465 Columbus Avenue,,Boston,02116,(857) 277-1251,Metro Boston,Region 6,Center-based Care,Licensed,Current,,,2018-06-11,43,14.0,9.0,,9.0,11.0,,,,,,True,,Moderate,2026-03-03,"465 Columbus Avenue, Boston, MA 02116",42.343479926767,-71.078337256128,True,False,False,True,True,False,Pre-K only,M
P-210715,Small World Child Care Center Too,"Jamaica Plain VAMC Child Care Center, Inc.",1400 VFW Parkway,,West Roxbury,02132,(857) 203-5650,Metro Boston,Region 6,Center-based Care,Licensed,Current,,,2018-03-07,24,7.0,,9.0,,8.0,,,,,,True,,Moderate,2026-03-03,"1400 VFW Parkway, West Roxbury, MA 02132",42.272161002457,-71.17299907012,True,False,False,True,True,False,Pre-K only,S
P-210831,Choices After School Program,Choices After School Program,112 Paris Street,,East Boston,02128,(617) 635-5125,Metro Boston,Region 6,Center-based Care,Licensed,Expired,,,2025-08-28,35,,,,,,,,,35.0,,True,,,2026-03-03,"112 Paris Street, East Boston, MA 02128",42.37285601485,-71.037221053361,False,True,True,False,True,False,Elementary and Middle,S
P-210933,Tiny Hands Enrichment Center,Tiny Hands Enrichment Center,14 Cushing Avenue,,Dorchester,02125,(617) 436-2390,Metro Boston,Region 6,Center-based Care,Licensed,Current,,,2018-11-09,45,7.0,9.0,9.0,,20.0,,,,,,True,,Low,2026-03-03,"14 Cushing Avenue, Dorchester, MA 02125",42.31622620764,-71.064564213378,True,False,False,True,True,False,Pre-K only,M
P-211256,Allo Montessori Preschool,Urban Montessori Academy,197 8th Street Suite 600,,Charlestown,02129,(617) 671-9048,Metro Boston,Region 6,Center-based Care,Licensed,Current,,,2021-10-12,58,,,18.0,,40.0,,,,,,True,,Moderate,2026-03-03,"197 8th Street Suite 600, Charlestown, MA 02129",42.373737859018,-71.051668824119,True,False,False,True,True,False,Pre-K only,M
P-242561,YMCA of Greater Boston at the Henry Grew School,YMCA of Greater Boston,40 Gordon Avenue,,Hyde Park,02136,(617) 631-4615,Metro Boston,Region 6,Center-based Care,Licensed,Current,,,2018-11-01,62,,,,,10.0,,,,52.0,,True,,Low,2026-03-03,"40 Gordon Avenue, Hyde Park, MA 02136",42.257135331352,-71.126897634372,True,True,True,True,True,False,Elementary and Middle,M
P-242974,"Little Voices Early Care and Education, Inc. @ Channing","Little Voices Early and Education, Inc",35 Sunnyside Street,,Hyde Park,02136,(617) 953-8029,Metro Boston,Region 6,Center-based Care,Licensed,Current,,,2018-11-13,52,,,,,,13.0,,,39.0,,True,,Low,2026-03-03,"35 Sunnyside Street, Hyde Park, MA 02136",42.251269938915,-71.133163638721,True,True,True,True,True,False,Elementary and Middle,M
P-242994,IBA Early Education Program,Inquilinos Boricuas En Accion/E.T.C.,100 West Dedham St,,Boston,02118,(617) 927-1740,Northeast,Region 6,Center-based Care,Licensed,Current,,,2018-11-23,77,,18.0,9.0,,50.0,,,,,,True,,Low,2026-03-03,"100 West Dedham St, Boston, MA 02118",42.341828661602,-71.072812048794,True,False,False,True,True,False,Pre-K only,M
P-243020,Our Future Learning Center,"FTCC Allston, LLC",1845 Commonwealth Avenue,,Brighton,02135,(617) 903-3522,Metro Boston,Region 6,Center-based Care,Licensed,Current,,,2019-02-04,61,14.0,,27.0,,20.0,,,,,,True,,Moderate,2026-03-03,"1845 Commonwealth Avenue, Brighton, MA 02135",42.339099323209,-71.152570789832,True,False,False,True,True,False,Pre-K only,M
P-243061,Adventures In Montessori Early Childhood Center,Adventures In Montessori Early Childhood Center,65 Rockwood Street,,Jamaica Plain,02130,(857) 273-3453,Metro Boston,Region 6,Center-based Care,Licensed,Current,,,2019-05-01,51,14.0,,17.0,,20.0,,,,,,False,,High,2026-03-03,"65 Rockwood Street, Jamaica Plain, MA 02130",42.313058500557,-71.128025581699,True,False,False,True,False,False,Pre-K only,M
P-243320,Savin Street Headstart & Children's Service,"Action For Boston Community Development, Inc./ABCD",82 Savin Street,,Roxbury,02119,(617) 652-7144,Metro Boston,Region 6,Center-based Care,Licensed,Current,,,2018-12-26,64,,24.0,,,40.0,,,,,,True,,Very Low,2026-03-03,"82 Savin Street, Roxbury, MA 02119",42.315593203504,-71.079061894425,True,False,False,True,True,False,Pre-K only,M
P-244271,The Treehouse School of Charles,The Treehouse School of Charles,142 Bunker Hill Street,,Charlestown,02129,(617) 633-9163,Metro Boston,Region 6,Center-based Care,Licensed,Current,,,2019-07-22,29,,,9.0,,20.0,,,,,,False,,High,2026-03-03,"142 Bunker Hill Street, Charlestown, MA 02129",42.378058229252,-71.060080160839,True,False,False,True,False,False,Pre-K only,S
P-244570,Seaport Kindercare,"KinderCare Education, LLC",130 Autumn Lane,,Boston,02210,(617) 345-5453,Metro Boston,Region 6,Center-based Care,Licensed,Renewal in progress,,,2019-06-13,93,28.0,,18.0,27.0,20.0,,,,,,True,,High,2026-03-03,"130 Autumn Lane, Boston, MA 02210",42.350824515931,-71.045543504705,True,False,False,False,True,False,Pre-K only,L
P-244964,Funtime Academy,Funtime Academy,136 Seaver Street,,Dorchester,02121,(617) 407-2232,Metro Boston,Region 6,Center-based Care,Licensed,Renewal in progress,,,2021-01-29,20,,,,,,,,,20.0,,True,,Very Low,2026-03-03,"136 Seaver Street, Dorchester, MA 02121",42.309275006301,-71.091097116332,False,True,True,False,True,False,Elementary and Middle,S
P-246740,Future Leader's,Future Leader's,1664 Dorchester Ave,,Dorchester,02122,617-288-1119,Metro Boston,Region 6,Center-based Care,Licensed,Current,,,2019-11-07,26,,7.0,9.0,,10.0,,,,,,True,,Low,2026-03-03,"1664 Dorchester Ave, Dorchester, MA 02122",42.293542093178,-71.062048405914,True,False,False,True,True,False,Pre-K only,S
P-247447,Boys & Girls Clubs of Dorchesterâs  Early Learning Center at Harbor Point,Boys and Girls Club of Dorchester Inc,270 Mount Vernon St.,,Dorchester,02125,(617) 288-7120,Metro Boston,Region 6,Center-based Care,Licensed,Current,,,2020-10-28,66,,,,,66.0,,,,,,True,,Very Low,2026-03-03,"270 Mount Vernon St., Dorchester, MA 02125",42.31973824683,-71.047389471033,True,False,False,True,True,False,Pre-K only,M
P-247635,Shaloh School,Shaloh School,29 Chestnut Hill Avenue,,Brighton,02135,(617) 787-2200,Metro Boston,Region 6,Center-based Care,Licensed,Current,,,2020-08-28,34,,,,,34.0,,,,,,True,,Moderate,2026-03-03,"29 Chestnut Hill Avenue, Brighton, MA 02135",42.348532605955,-71.153757381065,True,False,False,True,True,False,Pre-K only,S
P-248087,YMCA @ The Manning School,YMCA of Greater Boston,130 Louders Lane,,Jamaica Plain,02130,(857) 276-5055,Metro Boston,Region 6,Center-based Care,Licensed,Current,,,2020-02-28,26,,,,,,,,,26.0,,True,,High,2026-03-03,"130 Louders Lane, Jamaica Plain, MA 02130",42.305920186081,-71.131972644092,False,True,True,True,True,False,Elementary and Middle,S
P-248499,Mather BS & AS Prg.,Boston Public Schools,24 Parish Street,,Dorchester,02122,(617) 635-8757,Metro Boston,Region 6,Public School,Funded,,Current,,2021-10-22,70,,,,,10.0,,,,60.0,,True,,,2026-03-03,"24 Parish Street, Dorchester, MA 02122",42.308031372165,-71.062318928767,True,True,True,False,True,False,Elementary and Middle,M
P-248502,Boston Renaissance Charter,Boston Renaissance Charter School,1415 Hyde Park Avenue,,Hyde Park,02136,(617) 357-0900,Metro Boston,Region 6,Public School,Funded,,Current,,2020-07-22,145,,,,,,,,,145.0,,True,,,2026-03-03,"1415 Hyde Park Avenue, Hyde Park, MA 02136",42.250383839429,-71.126143805741,False,True,True,False,True,False,Elementary and Middle,L
P-248687,East Boston Central Catholic /AS/K/PS,Archdiocese of Boston Schools,69 London Street,,East Boston,02128,(617) 567-7456,Metro Boston,Region 6,Private School,Funded,,Current,,2019-12-24,182,,,,,38.0,,24.0,,160.0,,True,,Very Low,2026-03-03,"69 London Street, East Boston, MA 02128",42.372348523153,-71.039846741897,True,True,True,False,True,False,Elementary and Middle,XL
P-248689,Saint John Paul II Catholic Academy @ Columbia,Archdiocese of Boston Schools,790 Columbia Road,,Dorchester,02125,(617) 265-0019,Metro Boston,Region 6,Private School,Funded,,Current,,2020-08-26,141,,,,,60.0,,26.0,,55.0,,True,,Low,2026-03-03,"790 Columbia Road, Dorchester, MA 02125",42.320193220368,-71.058275531148,True,True,True,False,True,False,Elementary and Middle,L
P-248697,St. Columbkille Partnership School,Archdiocese of Boston Schools,25 Arlington Street,,Brighton,02135,(617) 254-3110,Metro Boston,Region 6,Private School,Funded,,Current,,2020-07-17,298,,,,,51.0,,29.0,,218.0,,True,,Low,2026-03-03,"25 Arlington Street, Brighton, MA 02135",42.35217598491,-71.153465341752,True,True,True,False,True,False,Elementary and Middle,XL
P-249763,St.Theresa School,Archdiocese of Boston Schools,40 Saint Theresa Avenue,,West Roxbury,02132,(617) 323-1050,Metro Boston,Region 6,Private School,Funded,,Current,,2019-12-24,140,,,,,140.0,,,,,,True,,High,2026-03-03,"40 Saint Theresa Avenue, West Roxbury, MA 02132",42.277798775103,-71.157913508173,True,False,False,False,True,False,Pre-K only,L
P-249767,South Boston Catholic Academy,Archdiocese of Boston Schools,866 East Broadway,,South Boston,02127,(781) 401-0689,Metro Boston,Region 6,Private School,Funded,,Funding Renewal In Progress,,2019-12-24,232,,,,,85.0,,40.0,,100.0,,True,,Very High,2026-03-03,"866 East Broadway, South Boston, MA 02127",42.335786253494,-71.029311742888,True,True,True,False,True,False,Elementary and Middle,XL
P-249768,Sacred Heart School,Archdiocese of Boston Schools,1035 Canterbury Street,,Roslindale,02131,(617) 323-2500,Metro Boston,Region 6,Private School,Funded,,Funding Renewal In Progress,,2020-01-30,112,,,,,43.0,,16.0,,53.0,,True,,Moderate,2026-03-03,"1035 Canterbury Street, Roslindale, MA 02131",42.278375088114,-71.121374157364,True,True,True,False,True,False,Elementary and Middle,L
P-250135,Stone House Early Learning Center,Stone House Inc.,1 Westminster Ave,,Roxbury,02119,(781) 400-0755,Metro Boston,Region 6,Center-based Care,Licensed,Current,,,2022-07-07,43,14.0,9.0,,9.0,11.0,,,,,,True,,Very Low,2026-03-03,"1 Westminster Ave, Roxbury, MA 02119",42.316949574744,-71.097062159418,True,False,False,True,True,False,Pre-K only,M
P-250728,St John School,Archdiocese of Boston Schools,9 Moon Street,,Boston,02113,(617) 227-3143,Metro Boston,Region 6,Private School,Funded,,Current,,2022-06-23,79,,,,,79.0,,,,,,True,,High,2026-03-03,"9 Moon Street, Boston, MA 02113",42.364086227907,-71.0527032726,True,False,False,False,True,False,Pre-K only,M
P-252621,Above & Beyond SACC @ Hansborough Street,Brookview House,35 Hansborough Street,,Dorchester,02124,(617) 265-2965,Metro Boston,Region 6,Center-based Care,Licensed,Renewal in progress,,,2021-06-28,30,,,,,,,,,30.0,,True,,Very Low,2026-03-03,"35 Hansborough Street, Dorchester, MA 02124",42.288107531058,-71.09114673447,False,True,True,False,True,False,Elementary and Middle,S
P-252725,Boston's Bridge to Excellence @ Blackstone Elementary School,Boston's Bridge to Excellence Inc.,380 Shawmut Avenue,,Boston,02118,(857) 212-6238,Metro Boston,Region 6,Center-based Care,Licensed,Renewal in progress,,,2021-10-06,72,,,,,20.0,,,,52.0,,True,,Low,2026-03-03,"380 Shawmut Avenue, Boston, MA 02118",42.341202455857,-71.072083648901,True,True,True,False,True,False,Elementary and Middle,M
P-253475,Kiddies Corner,Kiddies Corner,858 Morton Street,,Mattapan,02126,(617) 514-3581,Metro Boston,Region 6,Center-based Care,Licensed,Renewal in progress,,,2023-11-03,21,5.0,7.0,,,,9.0,,,,,True,,Very Low,2026-03-03,"858 Morton Street, Mattapan, MA 02126",42.281207881076,-71.085878981401,True,True,False,False,True,False,Pre-K and Elementary,S
P-253690,Blooming Stars Education Center,Blooming Stars Education Center,470 Washington Street,,Brighton,02135,(857) 540-1392,Metro Boston,Region 6,Center-based Care,Licensed,Current,,,2021-08-26,62,7.0,,16.0,9.0,30.0,,,,,,False,,Moderate,2026-03-03,"470 Washington Street, Brighton, MA 02135",42.348854111022,-71.159228199631,True,False,False,True,False,False,Pre-K only,M
P-253703,YMCA of Greater Boston at the Charlesview Community Center,YMCA of Greater Boston,123 Antwerp Street,,Allston,02134,(857) 205-5632,Metro Boston,Region 6,Center-based Care,Licensed,Current,,,2020-09-21,62,,,,,,,10.0,,52.0,,True,,Low,2026-03-03,"123 Antwerp Street, Allston, MA 02134",42.361949708486,-71.138502684745,False,True,True,True,True,False,Elementary and Middle,M
P-253704,YMCA of Greater Boston @ Huntington Ave.,YMCA of Greater Boston,316 Huntington Ave,,Boston,02115,(781) 223-4367,Metro Boston,Region 6,Center-based Care,Licensed,Current,,,2020-09-21,62,,,,,,10.0,,,52.0,,True,,Very Low,2026-03-03,"316 Huntington Ave, Boston, MA 02115",42.340476171927,-71.088264148275,True,True,True,True,True,False,Elementary and Middle,M
P-254265,Horizons,Horizons for Homeless Children,1785 Columbus Ave,,Roxbury,02119,(617) 553-5439,Metro Boston,Region 6,Center-based Care,Licensed,Current,,,2021-04-20,298,21.0,72.0,,45.0,160.0,,,,,,True,,Very Low,2026-03-03,"1785 Columbus Ave, Roxbury, MA 02119",42.320072932922,-71.098499708874,True,False,False,True,True,False,Pre-K only,XL
P-254292,Discover Me School House,Discover Me School House,2070 Centre Street,,West Roxbury,02132,(617) 712-1109,Metro Boston,Region 6,Center-based Care,Licensed,Renewal in progress,,,2021-06-25,20,7.0,,4.0,9.0,,,,,,,True,,High,2026-03-03,"2070 Centre Street, West Roxbury, MA 02132",42.279679570271,-71.158676690045,True,False,False,False,True,False,Pre-K only,S
P-254418,Nazzaro Center Youth Program,Nazzaro Center Youth Program,30 North Bennet Street,,Boston,02113,(617) 635-5166,Metro Boston,Region 6,Center-based Care,Licensed,Current,,,2023-09-20,26,,,,,,,,,26.0,,False,,High,2026-03-03,"30 North Bennet Street, Boston, MA 02113",42.365388701829,-71.054414226491,False,True,True,True,False,False,Elementary and Middle,S
P-254546,OLPH Mission Grammar 1,Archdiocese of Boston Schools,1545 Tremont St,,Roxbury,02120,(617) 442-2660,Metro Boston,Region 6,Center-based Care,Licensed,Current,,,2022-09-12,84,7.0,9.0,9.0,9.0,50.0,,,,,,True,,Very Low,2026-03-03,"1545 Tremont St, Roxbury, MA 02120",42.332722510311,-71.100511713562,True,False,False,True,True,False,Pre-K only,L
P-255019,Sportsmen's Tennis & Enrichment Center,Sportsmen's Tennis & Enrichment Center,950 Blue Hill Ave,,Dorchester,02124,(617) 288-9092,Metro Boston,Region 6,Center-based Care,Licensed,Current,,,2022-05-12,52,,,,,,,,,52.0,,True,,Very Low,2026-03-03,"950 Blue Hill Ave, Dorchester, MA 02124",42.29117564241,-71.088975660949,False,True,True,True,True,False,Elementary and Middle,M
P-255263,BBTE @ Holmes Innovation School,Boston's Bridge to Excellence Inc.,40 School Street,,Dorchester,02124,(857) 212-6238,Metro Boston,Region 6,Center-based Care,Licensed,Renewal in progress,,,2021-12-14,46,,,,,20.0,,,,26.0,,True,,Very Low,2026-03-03,"40 School Street, Dorchester, MA 02124",42.296806869213,-71.075326401908,True,True,True,False,True,False,Elementary and Middle,M
P-255264,KCE-Champions LLC @ St Theresa of Avila,"KinderCare Education, LLC",40 St Theresa Ave,,West Roxbury,02132,(508) 530-1928,Metro Boston,Region 6,Center-based Care,Licensed,Renewal in progress,,,2021-06-14,39,,,,,,,,,39.0,,True,,High,2026-03-03,"40 St Theresa Ave, West Roxbury, MA 02132",42.277798775103,-71.157913508173,False,True,True,False,True,False,Elementary and Middle,S
P-255383,MGH Backup Child Care Center,"Bright Horizons Childrenâs Centers, LLC",55 Fruit Street,Warren Lobby Suite 130,Boston,02124,(617) 724-8414,Metro Boston,Region 6,Center-based Care,Licensed,Current,,,2021-07-19,39,,9.0,,,10.0,20.0,,,,,False,,Very High,2026-03-03,"55 Fruit Street, Boston, MA 02124",42.362486002768,-71.069834275504,True,True,False,True,False,False,Pre-K and Elementary,S
P-255385,MGH Childrenâs Center,"Bright Horizons Childrenâs Centers, LLC",3 13th Street,Captains Quarters,Charlestown,02129,(617) 724-9750,Metro Boston,Region 6,Center-based Care,Licensed,Current,,,2021-07-19,63,14.0,,27.0,,22.0,,,,,,True,,Moderate,2026-03-03,"3 13th Street, Charlestown, MA 02129",42.377659206264,-71.05159882625,True,False,False,True,True,False,Pre-K only,M
P-255389,The Childrenâs Quarters,"Bright Horizons Childrenâs Centers, LLC",36 First Avenue,Charlestown Navy Yard,Charlestown,02129,(617) 726-6010,Metro Boston,Region 6,Center-based Care,Licensed,Current,,,2021-07-19,36,7.0,9.0,,,20.0,,,,,,True,,Moderate,2026-03-03,"36 First Avenue, Charlestown, MA 02129",42.374989581946,-71.054206816753,True,False,False,True,True,False,Pre-K only,S
P-255406,Ellis Early Learning,"Ellis Memorial and Eldredge House, Inc.",555 Amory Street,,Jamaica Plain,02130,(857) 719-0401,Metro Boston,Region 6,Center-based Care,Licensed,Renewal in progress,,,2021-09-21,59,14.0,9.0,8.0,9.0,19.0,,,,,,True,,Low,2026-03-03,"555 Amory Street, Jamaica Plain, MA 02130",42.308409148305,-71.108491714657,True,False,False,False,True,False,Pre-K only,M
P-255632,"Roxbury Roots Montessori, Inc",Roxbury Roots Montessori Inc,2565 Washington Street,,Roxbury,02119,(857) 302-9557,Metro Boston,Region 6,Center-based Care,Licensed,Current,,,2021-10-21,24,,,,,19.0,,5.0,,,,True,,Low,2026-03-03,"2565 Washington Street, Roxbury, MA 02119",42.326253581579,-71.087746023486,True,True,False,True,True,False,Pre-K and Elementary,S
P-256038,Little Voices Early Care and Education @ Kipp Academy,"Little Voices Early and Education, Inc",37 Babson Street,,Mattapan,02126,(617) 953-8029,Metro Boston,Region 6,Center-based Care,Licensed,Current,,,2022-01-10,103,3.0,5.0,,9.0,,,,,86.0,,True,,Very Low,2026-03-03,"37 Babson Street, Mattapan, MA 02126",42.27530967385,-71.09238634993,True,True,True,True,True,False,Elementary and Middle,L
P-256106,YMCA of Greater Boston @ Conservatory Lab - Upper,YMCA of Greater Boston,395 Columbia Road,,Dorchester,02127,(781) 223-4367,Metro Boston,Region 6,Center-based Care,Licensed,Current,,,2022-07-18,52,,,,,,,,,52.0,,True,,Very Low,2026-03-03,"395 Columbia Road, Dorchester, MA 02127",42.311147520962,-71.070125118922,False,True,True,True,True,False,Elementary and Middle,M
P-256660,Prime Time Extended Learning Services @ Murphy School,Prime Time Extended Learning Services,1 Worrell St,,Dorchester,02122,(617) 571-7167,Metro Boston,Region 6,Center-based Care,Licensed,Renewal in progress,,,2022-05-31,66,,,,,,,,,66.0,,True,,Low,2026-03-03,"1 Worrell St, Dorchester, MA 02122",42.293787968915,-71.049334461125,False,True,True,False,True,False,Elementary and Middle,M
P-257058,Hodan Nursery,Hodan Nursery,225 Centre Street,,Boston,02119,(617) 606-2270,Metro Boston,Region 6,Center-based Care,Licensed,Current,,,2022-03-21,38,7.0,8.0,,9.0,14.0,,,,,,True,,Very Low,2026-03-03,"225 Centre Street, Boston, MA 02119",42.322692668361,-71.098697594788,True,False,False,True,True,False,Pre-K only,S
P-257135,Boston Renaissance Charter School Daycare,Boston Renaissance Charter School,1415 Hyde Park Ave,,Hyde Park,02136,(617) 357-0900,Metro Boston,Region 6,Center-based Care,Licensed,Current,,,2022-06-10,34,7.0,,9.0,,18.0,,,,,,True,,Very Low,2026-03-03,"1415 Hyde Park Ave, Hyde Park, MA 02136",42.250383839429,-71.126143805741,True,False,False,True,True,False,Pre-K only,S
P-257312,Childrenâs Happy Day School,Children's Happy Day Preschool and Learning Center,5 Charles Park Road,,West Roxbury,02132,617-325-0606,Metro Boston,Region 6,Center-based Care,Licensed,Current,,,2022-04-26,76,,,,18.0,,58.0,,,,,True,,Moderate,2026-03-03,"5 Charles Park Road, West Roxbury, MA 02132",42.278941066209,-71.175488288093,True,True,False,True,True,False,Pre-K and Elementary,M
P-257539,Torah Academy Preschool,Torah Academy Inc.,198 Strathmore Road,,Brighton,02135,(617) 731-3196,Metro Boston,Region 6,Center-based Care,Licensed,Current,,,2022-06-21,29,,,,,29.0,,,,,,True,,Moderate,2026-03-03,"198 Strathmore Road, Brighton, MA 02135",42.339998470349,-71.154120387996,True,False,False,True,True,False,Pre-K only,S
P-257544,Saint John Paul II Catholic Academy Columbia,Archdiocese of Boston Schools,790 Columbia Road,,Dorchester,02125,(617) 265-0019,Metro Boston,Region 6,Center-based Care,Licensed,Current,,,2023-05-16,139,,,14.0,,85.0,,40.0,,,,False,,Low,2026-03-03,"790 Columbia Road, Dorchester, MA 02125",42.320193220368,-71.058275531148,True,True,False,True,False,False,Pre-K and Elementary,L
P-257601,Guidepost Montessori at Downtown Boston,HGE FIC L LLC,"47 Province Street, Unit  5-45",,Boston,02108,(617) 681-8704,Metro Boston,Region 6,Center-based Care,Licensed,Current,,,2022-07-01,45,7.0,,18.0,,20.0,,,,,,True,,Moderate,2026-03-03,"47 Province Street, Unit  5-45, Boston, MA 02108",42.356927348166,-71.060137907355,True,False,False,True,True,False,Pre-K only,M
P-257697,Everbrook Academy #4877,"Everbrook Academy, LLC",640 Washington Street,,Brighton,02135,(617) 789-9558,Metro Boston,Region 6,Center-based Care,Licensed,Current,,,2022-09-28,97,21.0,9.0,18.0,9.0,40.0,,,,,,True,,Moderate,2026-03-03,"640 Washington Street, Brighton, MA 02135",42.350995770495,-71.169062604789,True,False,False,True,True,False,Pre-K only,L
P-257761,Little Panda Early Learning and Care Center,Mass Pike Center,318-342 Tremont Street,suite 332 and suite 322,Boston,02116,(401) 998-9099,Metro Boston,Region 6,Center-based Care,Licensed,Current,,,2022-04-25,54,7.0,9.0,9.0,,,20.0,,,9.0,,True,,Low,2026-03-03,"318-342 Tremont Street, Boston, MA 02116",42.348598074654,-71.065895120602,True,True,True,True,True,False,Elementary and Middle,M
P-257766,Children's Express at the Carolyn Lynch Children's Center,"Children's Express Child Care, Inc.",90 Cushing Ave,,Dorchester,02125,(617) 506-8542,Metro Boston,Region 6,Center-based Care,Licensed,Current,,,2022-07-27,60,14.0,9.0,,9.0,,28.0,,,,,True,,Low,2026-03-03,"90 Cushing Ave, Dorchester, MA 02125",42.313836287473,-71.063482030266,True,True,False,True,True,False,Pre-K and Elementary,M
P-257768,Fiorâs Little Garden,Fiorâs Little Garden,17 Corinth St,,Roslindale,02131,(617) 390-5163,Metro Boston,Region 6,Center-based Care,Licensed,Current,,,2023-03-24,28,5.0,,16.0,,7.0,,,,,,True,,Low,2026-03-03,"17 Corinth St, Roslindale, MA 02131",42.286367456811,-71.130193581591,True,False,False,True,True,False,Pre-K only,S
P-258083,KCE Champions @ Eliot Intermediate,"KinderCare Education, LLC",173 Salem Street,,Boston,02113,(617) 659-5307,Metro Boston,Region 6,Center-based Care,Licensed,Current,,,2022-09-02,72,,,,,,,,,72.0,,True,,High,2026-03-03,"173 Salem Street, Boston, MA 02113",42.366178767886,-71.054779720925,False,True,True,True,True,False,Elementary and Middle,M
P-258287,YGB@ Dudley Street Neighborhood Charter School,YMCA of Greater Boston,6 Shirley Street,,Roxbury,02119,(781) 223-4367,Metro Boston,Region 6,Center-based Care,Licensed,Current,,,2022-09-02,62,,,,,,10.0,,,52.0,,True,,Very Low,2026-03-03,"6 Shirley Street, Roxbury, MA 02119",42.32325257687,-71.073179687631,True,True,True,True,True,False,Elementary and Middle,M
P-258428,YGB@ Tierney Learning Center,YMCA of Greater Boston,125 Mercer St,,South Boston,02127,(617) 835-0893,Metro Boston,Region 6,Center-based Care,Licensed,Current,,,2022-06-28,52,,,,,,,,,52.0,,True,,Low,2026-03-03,"125 Mercer St, South Boston, MA 02127",42.330595103908,-71.050152816464,False,True,True,True,True,False,Elementary and Middle,M
P-258451,KCE Champions @ Nathan Hale,"KinderCare Education, LLC",51 Cedar St.,,Roxbury,02119,(617) 659-5307,Metro Boston,Region 6,Center-based Care,Licensed,Current,,,2022-09-02,59,,,,,20.0,,,,39.0,,True,,Low,2026-03-03,"51 Cedar St., Roxbury, MA 02119",42.325208978703,-71.091123974325,True,True,True,True,True,False,Elementary and Middle,M
P-258714,KCE Champions @ Lee Academy,"KinderCare Education, LLC",25 Dunbar Ave,,Dorchester,02124,(617) 659-5307,Metro Boston,Region 6,Center-based Care,Licensed,Current,,,2022-09-02,46,,,,,20.0,,,,26.0,,True,,Very Low,2026-03-03,"25 Dunbar Ave, Dorchester, MA 02124",42.286485636737,-71.072145357735,True,True,True,True,True,False,Elementary and Middle,M
P-259028,OLPH Mission Grammar School 2,Archdiocese of Boston Schools,94 St Alphonsus St,,Roxbury,02120,(617) 442-2660,Metro Boston,Region 6,Center-based Care,Licensed,Current,,,2022-09-15,60,,,,,60.0,,,,,,True,,Very Low,2026-03-03,"94 St Alphonsus St, Roxbury, MA 02120",42.334248441502,-71.100446192915,True,False,False,True,True,False,Pre-K only,M
P-259550,YMCA@ Mario Umana K-8 Academy,YMCA of Greater Boston,312 Border Street,,East Boston,02128,(857) 300-3202,Metro Boston,Region 6,Center-based Care,Licensed,Current,,,2022-12-20,78,,,,,,,,,78.0,,True,,Very Low,2026-03-03,"312 Border Street, East Boston, MA 02128",42.377991614653,-71.040049359332,False,True,True,True,True,False,Elementary and Middle,M
P-259573,KCE Champions @ UP Academy Holland,"KinderCare Education, LLC",85 Olney Street,,Dorchester,02124,617-659-5307,Metro Boston,Region 6,Center-based Care,Licensed,Renewal in progress,,,2023-01-30,62,,,,,,10.0,,,52.0,,True,,Very Low,2026-03-03,"85 Olney Street, Dorchester, MA 02124",42.305407248475,-71.073315163226,True,True,True,False,True,False,Elementary and Middle,M
P-259881,The Infant Room,The Infant Room,20 Brookley Rd,,Boston,02130,(617) 905-0437,Metro Boston,Region 6,Center-based Care,Licensed,Renewal in progress,,,2023-07-12,44,11.0,4.0,9.0,,20.0,,,,,,True,,Low,2026-03-03,"20 Brookley Rd, Boston, MA 02130",42.304318050278,-71.108136961904,True,False,False,False,True,False,Pre-K only,M
P-260040,Little Amigos Early Learning Center,Little Amigos Early Learning Center,1195 Centre St,,West Roxbury,02132,(617) 418-1100,Metro Boston,Region 6,Center-based Care,Licensed,Current,,,2023-01-03,45,7.0,9.0,,9.0,20.0,,,,,,True,,High,2026-03-03,"1195 Centre St, West Roxbury, MA 02132",42.299143955354,-71.129056537066,True,False,False,True,True,False,Pre-K only,M
P-260060,Saint Columbkille Partnership School,Archdiocese of Boston Schools,25 Arlington Street,,Brighton,02135,(617) 254-3110,Metro Boston,Region 6,Center-based Care,Licensed,Current,,,2024-03-04,80,,,,,80.0,,,,,,False,,Low,2026-03-03,"25 Arlington Street, Brighton, MA 02135",42.35217598491,-71.153465341752,True,False,False,True,False,False,Pre-K only,L
P-261255,Genelys Early Learning Center,Genelys Early Learning Center,2 Estrella St,,Boston,02130,(347) 972-5081,Metro Boston,Region 6,Center-based Care,Licensed,Current,,,2024-10-29,20,,,9.0,,11.0,,,,,,True,,Low,2026-03-03,"2 Estrella St, Boston, MA 02130",42.322866039396,-71.102783903548,True,False,False,True,True,False,Pre-K only,S
P-261336,My Little Rainbow Playhouse,Little Rainbow Learning Center,891 Hyde Park Avenue 1st floor,,Hyde Park,02136,(857) 345-9182,Metro Boston,Region 6,Center-based Care,Licensed,Renewal in progress,,,2023-11-21,50,,18.0,,9.0,23.0,,,,,,True,,Low,2026-03-03,"891 Hyde Park Avenue 1st floor, Hyde Park, MA 02136",42.269554262543,-71.120887604219,True,False,False,False,True,False,Pre-K only,M
P-261715,BOPN@ Franklin Park Zoo,Boston Outdoor Preschool Network,1 Franklin Park Road,,Boston,02121,(857) 991-6849,Metro Boston,Region 6,Center-based Care,Licensed,Current,,,2023-12-28,20,,,,,,20.0,,,,,False,,Very Low,2026-03-03,"1 Franklin Park Road, Boston, MA 02121",42.30233095572,-71.087347882272,True,True,False,True,False,False,Pre-K and Elementary,S
P-261831,HernÃ¡ndez After School Program,Boston Public Schools,61 School Street,,Roxbury,02119,(617) 635-8187,Metro Boston,Region 6,Center-based Care,Licensed,Renewal in progress,,,2023-10-02,178,,,,,20.0,,,,158.0,,True,,Very Low,2026-03-03,"61 School Street, Roxbury, MA 02119",42.313867726774,-71.098310779342,True,True,True,False,True,False,Elementary and Middle,XL
P-262288,Kids are People Preschool,Kids are People Elementary School,530 Commonwealth Avenue,,Boston,02215,(617) 266-0028,Metro Boston,Region 6,Center-based Care,Licensed,Renewal in progress,,,2025-06-16,24,,,9.0,,,15.0,,,,,True,,Moderate,2026-03-03,"530 Commonwealth Avenue, Boston, MA 02215",42.348711628211,-71.096329524517,True,True,False,False,True,False,Pre-K and Elementary,S
P-262600,YMCA of Greater Boston @ The Edison,YMCA of Greater Boston,60 Glenmont Rd.,,Brighton,02135,(781) 439-0032,Metro Boston,Region 6,Center-based Care,Licensed,Renewal in progress,,,2023-10-05,88,,,,,10.0,,,,78.0,,True,,Moderate,2026-03-03,"60 Glenmont Rd., Brighton, MA 02135",42.345842042612,-71.160148363283,True,True,True,False,True,False,Elementary and Middle,L
P-262620,Wunderkind Planet,Vugar Khudiyev,320 Washington Street. Suite 200,,Brighton,02135,(617) 620-0099,Metro Boston,Region 6,Center-based Care,Licensed,Renewal in progress,,,2024-12-27,40,14.0,,17.0,9.0,,,,,,,True,,Moderate,2026-03-03,"320 Washington Street. Suite 200, Brighton, MA 02135",42.34897723309,-71.151826986415,True,False,False,False,True,False,Pre-K only,M
P-263371,Little Crafters Child Care Center,"Little Crafters, LLC",4174 Washington Street,,Roslindale,02131,(617) 938-9429,Metro Boston,Region 6,Center-based Care,Licensed,Current,,,2024-01-22,37,8.0,,9.0,,20.0,,,,,,True,,Low,2026-03-03,"4174 Washington Street, Roslindale, MA 02131",42.287811317242,-71.126569815066,True,False,False,True,True,False,Pre-K only,S
P-263883,YMCA of Greater Boston @ The Trotter,YMCA of Greater Boston,131 Walnut St.,,Boston,02119,617-635-8247,Metro Boston,Region 6,Center-based Care,Licensed,Current,,,2024-01-22,80,,,,,,,,,80.0,,True,,Moderate,2026-03-03,"131 Walnut St., Boston, MA 02119",42.321478022752,-71.085643804905,False,True,True,True,True,False,Elementary and Middle,L
P-263884,YMCA of Greater Boston @ Neighborhood House Charter School,YMCA of Greater Boston,21 Queen St Claymont Terrace,,Dorchester,02122,(857) 205-5632,Metro Boston,Region 6,Center-based Care,Licensed,Current,,,2024-02-12,124,,,,,,20.0,,,104.0,,True,,Low,2026-03-03,"21 Queen St Claymont Terrace, Dorchester, MA 02122",42.293892794297,-71.05326830453,True,True,True,True,True,False,Elementary and Middle,L
P-263885,YMCA of Greater Boston @ Mildred Ave,YMCA of Greater Boston,5 Mildred Ave,,Boston,02126,(857) 205-5632,Metro Boston,Region 6,Center-based Care,Licensed,Current,,,2024-01-22,52,,,,,,,,,52.0,,True,,Very Low,2026-03-03,"5 Mildred Ave, Boston, MA 02126",42.277732825009,-71.090826350275,False,True,True,True,True,False,Elementary and Middle,M
P-263886,YMCA of Greater Boston @ The Sarah Greenwood,YMCA of Greater Boston,186 Glenway St,,Dorchester,02121,(857) 205-5632,Metro Boston,Region 6,Center-based Care,Licensed,Current,,,2024-01-22,62,,,,,,,,,62.0,,True,,Very Low,2026-03-03,"186 Glenway St, Dorchester, MA 02121",42.296856674958,-71.080551752734,False,True,True,True,True,False,Elementary and Middle,M
P-264083,Holy Name Parish School,Archdiocese of Boston Schools,535 West Roxbury Parkway,,West Roxbury,02132,(617) 325-9338,Metro Boston,Region 6,Center-based Care,Licensed,Current,,,2024-07-25,80,,,,,80.0,,,,,,True,,High,2026-03-03,"535 West Roxbury Parkway, West Roxbury, MA 02132",42.287849778843,-71.147611580274,True,False,False,True,True,False,Pre-K only,L
P-264147,BOPN@ Arnold Arboretum,Boston Outdoor Preschool Network,125 Arborway,,Boston,02130,(857) 991-6849,Metro Boston,Region 6,Center-based Care,Licensed,Renewal in progress,,,2024-07-01,69,,,,9.0,,60.0,,,,,True,,Moderate,2026-03-03,"125 Arborway, Boston, MA 02130",42.310341643738,-71.122502236073,True,True,False,False,True,False,Pre-K and Elementary,M
P-264660,Dovely,Dovely Incorporated,438 - 440 Centre Street,,Jamaica Plain,02130,(513) 600-4729,Metro Boston,Region 6,Center-based Care,Licensed,Renewal in progress,,,2025-08-28,10,3.0,,,7.0,,,,,,,True,,High,2026-03-03,"438 - 440 Centre Street, Jamaica Plain, MA 02130",42.32011110147,-71.111131497369,True,False,False,False,True,False,Pre-K only,S
P-264740,Early Education at Torah Academy,Torah Academy Inc.,60 Henshaw St,,Brighton,02135,(617) 515-9319,Metro Boston,Region 6,Center-based Care,Licensed,Current,,,2025-05-19,26,,7.0,,9.0,10.0,,,,,,True,,Moderate,2026-03-03,"60 Henshaw St, Brighton, MA 02135",42.349942760144,-71.152570552734,True,False,False,True,True,False,Pre-K only,S
P-264970,The Goddard School,Charlestown Childcare LLC,"100 1st Ave, Building #39",,Charlestown,02129,(973) 715-1679,Metro Boston,Region 6,Center-based Care,Licensed,Current,,,2025-02-07,77,21.0,9.0,18.0,9.0,20.0,,,,,,True,,Moderate,2026-03-03,"100 1st Ave, Building #39, Charlestown, MA 02129",42.376504345063,-71.051744431875,True,False,False,True,True,False,Pre-K only,M
P-265690,BBTE @ Mattahunt Elementary School,Boston's Bridge to Excellence Inc.,100 Hebron St,,Mattapan,02126,(857) 212-6238,Metro Boston,Region 6,Center-based Care,Licensed,Current,,,2024-10-21,46,,,,,20.0,,,,26.0,,True,,Very Low,2026-03-03,"100 Hebron St, Mattapan, MA 02126",42.274565940901,-71.105695507223,True,True,True,True,True,False,Elementary and Middle,M
P-265691,BBTE @ Match Community Day School,Boston's Bridge to Excellence Inc.,100 Poydras St,,Hyde Park,02136,(857) 212-6238,Metro Boston,Region 6,Center-based Care,Licensed,Current,,,2024-09-03,124,,,,,20.0,,,,104.0,,True,,Low,2026-03-03,"100 Poydras St, Hyde Park, MA 02136",42.262304247306,-71.105982792256,True,True,True,True,True,False,Elementary and Middle,L
P-265774,YMCA at Match Community Day Charter,YMCA of Greater Boston,100 Poydras Street,,Hyde Park,02136,(617) 631-4615,Metro Boston,Region 6,Center-based Care,Licensed,Current,,,2024-09-30,142,,,,,38.0,,,,104.0,,True,,Low,2026-03-03,"100 Poydras Street, Hyde Park, MA 02136",42.262304247306,-71.105982792256,True,True,True,True,True,False,Elementary and Middle,L
P-266113,Little Steps Childcare Center,Little Steps Childcare Center,282 Bremen St,,East Boston,02128,(857) 284-9308,Metro Boston,Region 6,Center-based Care,Licensed,Current,,,2026-02-18,23,14.0,,,9.0,,,,,,,False,,Very Low,2026-03-03,"282 Bremen St, East Boston, MA 02128",42.375557895575,-71.031229266401,True,False,False,True,False,False,Pre-K only,S
P-266697,Sunkissed Acorns 2,Sunkissed Acorns,328B Tremont Street,,Boston,02116,(617) 230-6557,Metro Boston,Region 6,Center-based Care,Licensed,Current,,,2025-12-09,16,,7.0,,9.0,,,,,,,False,,Low,2026-03-03,"328B Tremont Street, Boston, MA 02116",42.348619403561,-71.066044422901,True,False,False,True,False,False,Pre-K only,S
P-266811,The Mosaic School,"The Mosaic School, Inc",1895 Centre Street,,West Roxbury,02132,(617) 524-1155,Metro Boston,Region 6,Center-based Care,Licensed,Renewal in progress,,,2025-06-04,34,7.0,9.0,9.0,9.0,,,,,,,False,,High,2026-03-03,"1895 Centre Street, West Roxbury, MA 02132",42.28536868335,-71.156316670355,True,False,False,False,False,False,Pre-K only,S
P-268135,Brown Bear Excel Early Learning Center,Brown Bear Excel Early Learning Center,470 River Street,,Mattapan,02126,(617) 322-9262,Metro Boston,Region 6,Center-based Care,Licensed,Current,,,2025-06-13,33,,,,,33.0,,,,,,True,,Very Low,2026-03-03,"470 River Street, Mattapan, MA 02126",42.268890427408,-71.091841455161,True,False,False,True,True,False,Pre-K only,S
P-268399,Spanish Immersion Montessori School,Language in Motion Inc.,1481 Centre St,,West Roxbury,02132,(617) 676-7680,Metro Boston,Region 6,Center-based Care,Licensed,Renewal in progress,,,2025-07-28,20,,,,8.0,12.0,,,,,,False,,High,2026-03-03,"1481 Centre St, West Roxbury, MA 02132",42.291786916678,-71.139272178959,True,False,False,False,False,False,Pre-K only,S
P-269887,Angel Academy,Angel Academy LLC,192 Chelsea Street,,East Boston,02128,(617) 418-5158,Metro Boston,Region 6,Center-based Care,Licensed,Renewal in progress,,,2025-09-08,23,7.0,8.0,,,,8.0,,,,,True,,Very Low,2026-03-03,"192 Chelsea Street, East Boston, MA 02128",42.374583050911,-71.033444859414,True,True,False,False,True,False,Pre-K and Elementary,S
P-270890,Funtime Academy,Funtime Academy,9 Bowdoin St,,Dorchester,02121,(617) 407-2232,Metro Boston,Region 6,Center-based Care,Licensed,Current,,,2026-02-24,22,7.0,,,5.0,10.0,,,,,,True,,Very Low,2026-03-03,"9 Bowdoin St, Dorchester, MA 02121",42.303091384051,-71.077135201426,True,False,False,True,True,False,Pre-K only,S
