SCHID,NAME,RC_CODE,School Name:,Organization Name:,Program Name:,Time,OST_CATEGORY,Grades Served:,PROG_PREK,PROG_ELEM,PROG_MIDDLE,SCHOOL_PREK,SCHOOL_ELEM,SCHOOL_MIDDLE,Program Areas:,Days of Operation:,Student Fees?,Service Capacity
00350010,Haynes Early Education Center,101401,Haynes Early Education Center,4Star Dance Studio,4Star Dance Program,,NaN_INFERRED_OST,"'K2','1'",True,True,False,True,True,False,'Arts Programming',"'Tuesday','Friday'",No,200.0
00350525,Albert D Holland School of Technology,101627,Albert D. Holland Highschool of Technology,826 Boston,Writers’ Rooms,"School Day, Afterschool",CONFIRMED_OST,"'7','8','9','10','11','12'",False,False,True,False,False,True,"'Academic Support & Enrichment','Arts Programming'","'Monday','Tuesday','Wednesday','Thursday'",No,750.0
00350507,Boston International High School & Newcomers Academy,101649,Boston International Newcomers Academy,826 Boston,Writers’ Rooms,"School Day, Afterschool",CONFIRMED_OST,"'9','10','11','12'",False,False,False,False,False,False,"'Academic Support & Enrichment','Arts Programming'","'Monday','Tuesday','Wednesday','Thursday'",No,500.0
00350012,Boston Teachers Union Elementary Pilot School,101266,Boston Teachers Union K-8 School,826 Boston,Writers’ Rooms,"School Day, Afterschool",CONFIRMED_OST,"'K1','K2','1','2','3','4','5','6','7','8'",True,True,True,True,True,True,"'Academic Support & Enrichment','Arts Programming'","'Monday','Tuesday','Wednesday','Thursday'",No,500.0
00350549,Margarita Muniz Academy,101667,Margarita Muñiz Academy,826 Boston,Writers’ Rooms,"School Day, Afterschool",CONFIRMED_OST,"'7','8','9','10','11','12'",False,False,True,False,False,True,"'Academic Support & Enrichment','Arts Programming'","'Monday','Tuesday','Wednesday','Thursday'",No,750.0
00350542,New Mission High School,101664,New Mission High School,826 Boston,Writers’ Rooms,"School Day, Afterschool",CONFIRMED_OST,"'7','8','9','10','11','12'",False,False,True,False,False,True,"'Academic Support & Enrichment','Arts Programming'","'Monday','Tuesday','Wednesday','Thursday'",No,750.0
00350575,O'Bryant School of Math & Science,101618,O'Bryant School of Mathematics and Science,826 Boston,Writers’ Rooms,"School Day, Afterschool",CONFIRMED_OST,"'7','8','9','10','11','12'",False,False,True,False,False,True,"'Academic Support & Enrichment','Arts Programming'","'Monday','Tuesday','Wednesday','Thursday'",No,750.0
00350227,Mather Elementary School,101348,Mather Elementary School,Academy of Dance and Choreography,Dance with Books,Afterschool,CONFIRMED_OST,"'K0','K1','K2','1','2'",True,True,False,True,True,True,'Arts Programming','Friday',Yes,10.0
00350377,Higginson/Lewis K-8 School,101540,Higginson/Lewis 3-8 School,Boston Debate League,Resolved,,NaN_INFERRED_OST,,False,False,False,False,True,True,"'Academic Support & Enrichment','Social, Emotional & Behavioral Health'",,No,
00350581,Community Academy of Science and Health,101656,Community Academy of Science and Health,Boston Debate League,Resolved,,NaN_INFERRED_OST,,False,False,False,False,False,False,"'Academic Support & Enrichment','Social, Emotional & Behavioral Health'",,No,
00350229,Tobin K-8 School,101426,Tobin K-8 School,Boston Debate League,Resolved,,NaN_INFERRED_OST,"'6','7','8'",False,False,True,True,True,True,"'Academic Support & Enrichment','Social, Emotional & Behavioral Health'","'Monday','Tuesday','Wednesday','Thursday','Friday'",No,25.0
00350505,Brighton High School,101624,Brighton High School,Boston Debate League,Resolved,,NaN_INFERRED_OST,"'7','8','9','10','11','12'",False,False,True,False,False,True,"'Academic Support & Enrichment','Social, Emotional & Behavioral Health'","'Monday','Tuesday','Wednesday','Thursday','Friday'",No,25.0
00350004,Lyon Elementary School,101339,Lyon K-8 School,Boston Debate League,After-School Debate League,"Afterschool, Weekend",CONFIRMED_OST,,False,False,False,False,True,True,'Academic Support & Enrichment',,No,
00350655,Lyon High School,101647,Mary Lyon Pilot High School,Boston Debate League,After-School Debate League,"Afterschool, Weekend",CONFIRMED_OST,,False,False,False,False,False,False,'Academic Support & Enrichment',,No,
00350558,Ruth Batson Academy,101609,Ruth Batson Academy,Boston Debate League,After-School Debate League,"Afterschool, Weekend",CONFIRMED_OST,,False,False,False,False,False,True,'Academic Support & Enrichment',,No,
00350542,New Mission High School,101664,New Mission High School,Boston Debate League,After-School Debate League,"Afterschool, Weekend",CONFIRMED_OST,,False,False,False,False,False,True,'Academic Support & Enrichment',,No,
00350575,O'Bryant School of Math & Science,101618,O'Bryant School of Mathematics and Science,Boston Debate League,After-School Debate League,"Afterschool, Weekend",CONFIRMED_OST,,False,False,False,False,False,True,'Academic Support & Enrichment',,No,
00350515,Charlestown High School,101630,Charlestown High School,Boston Debate League,After-School Debate League,"Afterschool, Weekend",CONFIRMED_OST,,False,False,False,False,False,True,'Academic Support & Enrichment',,No,
,,,Boston Green Academy,Boston Debate League,After-School Debate League,"Afterschool, Weekend",CONFIRMED_OST,,False,False,False,,,,'Academic Support & Enrichment',,No,
00350507,Boston International High School & Newcomers Academy,101649,Boston International Newcomers Academy,Boston Debate League,After-School Debate League,"Afterschool, Weekend",CONFIRMED_OST,,False,False,False,False,False,False,'Academic Support & Enrichment',,No,
00350545,Boston Latin Academy,101615,Boston Latin Academy,Boston Debate League,After-School Debate League,"Afterschool, Weekend",CONFIRMED_OST,,False,False,False,False,False,True,'Academic Support & Enrichment',,No,
00350505,Brighton High School,101624,Brighton High School,Boston Debate League,After-School Debate League,"Afterschool, Weekend",CONFIRMED_OST,,False,False,False,False,False,True,'Academic Support & Enrichment',,No,
00350581,Community Academy of Science and Health,101656,Community Academy of Science and Health,Boston Debate League,After-School Debate League,"Afterschool, Weekend",CONFIRMED_OST,,False,False,False,False,False,False,'Academic Support & Enrichment',,No,
00350074,Dearborn STEM Academy,101516,Dearborn STEM Academy,Boston Debate League,After-School Debate League,"Afterschool, Weekend",CONFIRMED_OST,,False,False,False,False,False,True,'Academic Support & Enrichment',,No,
00350096,Eliot K-8 Innovation School,101261,Eliot K-8 School,Boston Debate League,After-School Debate League,"Afterschool, Weekend",CONFIRMED_OST,,False,False,False,True,True,True,'Academic Support & Enrichment',,No,
,,,Kennedy Academy for Health Careers 9-12,Boston Debate League,After-School Debate League,"Afterschool, Weekend",CONFIRMED_OST,,False,False,False,,,,'Academic Support & Enrichment',,No,
00350535,English High School,101644,English High School,Boston Debate League,After-School Debate League,"Afterschool, Weekend",CONFIRMED_OST,,False,False,False,False,False,True,'Academic Support & Enrichment',,No,
00350540,Fenway High School,101646,Fenway High School,Boston Debate League,After-School Debate League,"Afterschool, Weekend",CONFIRMED_OST,,False,False,False,False,False,False,'Academic Support & Enrichment',,No,
00350377,Higginson/Lewis K-8 School,101540,Higginson/Lewis 3-8 School,Boston Debate League,After-School Debate League,"Afterschool, Weekend",CONFIRMED_OST,,False,False,False,False,True,True,'Academic Support & Enrichment',,No,
00350565,Quincy Upper School,101551,Quincy Upper School,Boston Debate League,After-School Debate League,"Afterschool, Weekend",CONFIRMED_OST,,False,False,False,False,False,True,'Academic Support & Enrichment',,No,
00350328,Kenny Elementary School,101322,Kenny Elementary School,Boston Debate League,After-School Debate League,"Afterschool, Weekend",CONFIRMED_OST,,False,False,False,True,True,True,'Academic Support & Enrichment',,No,
00350262,Lyndon K-8 School,101335,Lyndon K-8 School,Boston Debate League,After-School Debate League,"Afterschool, Weekend",CONFIRMED_OST,,False,False,False,True,True,True,'Academic Support & Enrichment',,No,
00350549,Margarita Muniz Academy,101667,Margarita Muñiz Academy,Boston Debate League,After-School Debate League,"Afterschool, Weekend",CONFIRMED_OST,,False,False,False,False,False,True,'Academic Support & Enrichment',,No,
00350229,Tobin K-8 School,101426,Tobin K-8 School,Boston Debate League,After-School Debate League,"Afterschool, Weekend",CONFIRMED_OST,"'6','7','8'",False,False,True,True,True,True,'Academic Support & Enrichment',"'Monday','Tuesday','Wednesday','Thursday','Friday'",No,40.0
00350255,Perry Elementary School,101392,Perry K-8 School,Boston Music Project,Boston Music Project,Before School,CONFIRMED_OST,"'K0','K1','K2','1','2','3','4','5','6'",True,True,True,True,True,True,"'Arts Programming','Social, Emotional & Behavioral Health'",'Tuesday',Yes,
00350298,Clap Elementary School,101249,Roger Clap Elementary School,Boston Music Project,Boston Music Project,Before School,CONFIRMED_OST,,False,False,False,True,True,True,"'Arts Programming','Social, Emotional & Behavioral Health'","'Thursday','Friday'",Yes,
00350153,Hennigan Elementary School,101299,Hennigan Elementary School,Boston Scores,Boston Scores Soccer & Enrichment (Elementary School),Afterschool,CONFIRMED_OST,"'4','5','6'",False,True,True,True,True,True,"'Physical Health & Wellness','Social Emotional & Behavioral Health'","'Monday','Tuesday','Wednesday','Thursday','Friday'",No,30.0
00350215,Bradley Elementary School,101229,Bradley Elementary School,Boston Scores,Boston Scores Soccer & Enrichment (Elementary School),Afterschool,CONFIRMED_OST,"'4','5','6'",False,True,True,True,True,True,"'Physical Health & Wellness','Social Emotional & Behavioral Health'","'Monday','Tuesday','Wednesday','Thursday','Friday'",No,30.0
00350096,Eliot K-8 Innovation School,101261,Eliot K-8 School,Boston Scores,Boston Scores Soccer & Enrichment (Elementary School),Afterschool,CONFIRMED_OST,"'4','5','6'",False,True,True,True,True,True,"'Physical Health & Wellness','Social Emotional & Behavioral Health'","'Monday','Tuesday','Wednesday','Thursday','Friday'",No,30.0
00350072,Ellis Elementary School,101262,Ellis Elementary School,Boston Scores,Boston Scores Soccer & Enrichment (Elementary School),Afterschool,CONFIRMED_OST,"'4','5','6'",False,True,True,True,True,True,"'Physical Health & Wellness','Social Emotional & Behavioral Health'","'Monday','Tuesday','Wednesday','Thursday','Friday'",No,30.0
00350326,Gardner Pilot Academy,101279,Gardner Pilot Academy,Boston Scores,Boston Scores Soccer & Enrichment (Elementary School),Afterschool,CONFIRMED_OST,"'4','5','6'",False,True,True,True,True,True,"'Physical Health & Wellness','Social Emotional & Behavioral Health'","'Monday','Tuesday','Wednesday','Thursday','Friday'",No,30.0
00350077,Haley Pilot School,101293,Haley Pilot School,Boston Scores,Boston Scores Soccer & Enrichment (Elementary School),Afterschool,CONFIRMED_OST,"'K2','1','2','3','4','5','6'",True,True,True,True,True,True,"'Physical Health & Wellness','Social Emotional & Behavioral Health'","'Tuesday','Wednesday','Thursday','Friday'",No,120.0
00350200,Harvard-Kent Elementary School,101324,Harvard/Kent Elementary School,Boston Scores,Boston Scores Soccer & Enrichment (Elementary School),Afterschool,CONFIRMED_OST,"'4','5','6'",False,True,True,True,True,True,"'Physical Health & Wellness','Social Emotional & Behavioral Health'","'Monday','Tuesday','Wednesday','Thursday','Friday'",No,30.0
00350062,Guild Elementary School,101290,Guild Elementary School,Boston Scores,Boston Scores Soccer & Enrichment (Elementary School),Afterschool,CONFIRMED_OST,"'4','5','6'",False,True,True,True,True,True,"'Physical Health & Wellness','Social Emotional & Behavioral Health'","'Monday','Tuesday','Wednesday','Thursday','Friday'",No,30.0
00350691,Hernandez Elementary School,101301,Hernández K-8 School,Boston Scores,Boston Scores Soccer & Enrichment (Elementary School),Afterschool,CONFIRMED_OST,"'4','5','6'",False,True,True,True,True,True,"'Physical Health & Wellness','Social Emotional & Behavioral Health'","'Monday','Tuesday','Wednesday','Thursday','Friday'",No,30.0
00350182,Hurley K-8 School,101310,Hurley K-8 School,Boston Scores,Boston Scores Soccer & Enrichment (Elementary School),Afterschool,CONFIRMED_OST,"'4','5','6'",False,True,True,True,True,True,"'Physical Health & Wellness','Social Emotional & Behavioral Health'","'Monday','Tuesday','Wednesday','Thursday','Friday'",No,30.0
00350656,Mario Umana Academy,101504,Mario Umana Academy,Boston Scores,Boston Scores Soccer & Enrichment (Elementary School),Afterschool,CONFIRMED_OST,"'4','5','6'",False,True,True,True,True,True,"'Physical Health & Wellness','Social Emotional & Behavioral Health'","'Monday','Tuesday','Wednesday','Thursday','Friday'",No,30.0
00350227,Mather Elementary School,101348,Mather Elementary School,Boston Scores,Boston Scores Soccer & Enrichment (Elementary School),Afterschool,CONFIRMED_OST,"'4','5','6'",False,True,True,True,True,True,"'Physical Health & Wellness','Social Emotional & Behavioral Health'","'Monday','Tuesday','Wednesday','Thursday','Friday'",No,30.0
00350080,McKay K-8 School,101352,McKay K-8 School,Boston Scores,Boston Scores Soccer & Enrichment (Elementary School),Afterschool,CONFIRMED_OST,"'4','5','6'",False,True,True,True,True,True,"'Physical Health & Wellness','Social Emotional & Behavioral Health'","'Monday','Tuesday','Wednesday','Thursday','Friday'",No,30.0
00350141,O'Donnell Elementary School,101370,O'Donnell Elementary School,Boston Scores,Boston Scores Soccer & Enrichment (Elementary School),Afterschool,CONFIRMED_OST,"'4','5','6'",False,True,True,True,True,True,"'Physical Health & Wellness','Social Emotional & Behavioral Health'","'Monday','Tuesday','Wednesday','Thursday','Friday'",No,30.0
00350257,Orchard Gardens K-8 School,101377,Orchard Gardens K-8 School,Boston Scores,Boston Scores Soccer & Enrichment (Elementary School),Afterschool,CONFIRMED_OST,"'4','5','6'",False,True,True,True,True,True,"'Physical Health & Wellness','Social Emotional & Behavioral Health'","'Monday','Tuesday','Wednesday','Thursday','Friday'",No,30.0
00350264,Kennedy Patrick J Elementary School,101320,P.J. Kennedy Elementary School,Boston Scores,Boston Scores Soccer & Enrichment (Elementary School),Afterschool,CONFIRMED_OST,"'4','5','6'",False,True,True,True,True,True,"'Physical Health & Wellness','Social Emotional & Behavioral Health'","'Monday','Tuesday','Wednesday','Thursday','Friday'",No,30.0
00350017,Sarah Roberts Elementary School,101420,Sarah Roberts  Elementary ,Boston Scores,Boston Scores Soccer & Enrichment (Elementary School),Afterschool,CONFIRMED_OST,"'4','5','6'",False,True,True,True,True,True,"'Physical Health & Wellness','Social Emotional & Behavioral Health'","'Monday','Tuesday','Wednesday','Thursday','Friday'",No,30.0
00350346,Warren-Prescott K-8 School,101434,Warren/Prescott K-8 School,Boston Scores,Boston Scores Soccer & Enrichment (Middle School),Afterschool,CONFIRMED_OST,"'6','7','8'",False,False,True,True,True,True,"'Academic Support & Enrichment','Physical Health & Wellness'",'Wednesday',No,
00350346,Warren-Prescott K-8 School,101434,Warren/Prescott K-8 School,Boston Scores,Boston Scores Soccer & Enrichment (Middle School),Afterschool,CONFIRMED_OST,"'6','7','8'",False,False,True,True,True,True,"'Academic Support & Enrichment','Physical Health & Wellness'","'Monday','Tuesday','Wednesday','Thursday'",No,30.0
00350074,Dearborn STEM Academy,101516,Dearborn STEM Academy,Boston Scores,Boston Scores Soccer & Enrichment (Middle School),Afterschool,CONFIRMED_OST,"'6','7','8'",False,False,True,False,False,True,"'Academic Support & Enrichment','Physical Health & Wellness'","'Monday','Tuesday','Wednesday'",No,30.0
00350182,Hurley K-8 School,101310,Hurley K-8 School,Boston Scores,Boston Scores Soccer & Enrichment (Middle School),Afterschool,CONFIRMED_OST,"'7','8'",False,False,True,True,True,True,"'Academic Support & Enrichment','Physical Health & Wellness'","'Monday','Tuesday','Wednesday'",No,30.0
00350080,McKay K-8 School,101352,McKay K-8 School,Boston Scores,Boston Scores Soccer & Enrichment (Middle School),Afterschool,CONFIRMED_OST,"'7','8'",False,False,True,True,True,True,"'Academic Support & Enrichment','Physical Health & Wellness'","'Monday','Tuesday','Wednesday'",No,30.0
00350558,Ruth Batson Academy,101609,Ruth Batson Academy,Boston Scores,Boston Scores Soccer & Enrichment (Middle School),Afterschool,CONFIRMED_OST,"'7','8'",False,False,True,False,False,True,"'Academic Support & Enrichment','Physical Health & Wellness'","'Monday','Tuesday','Wednesday','Thursday','Friday'",No,30.0
00350016,Mattahunt Elementary School,101351,Mattahunt Elementary School,Boston's Bridge To Excellence,Boston's Bridge To Excellence,"Before School, Afterschool, Summer, School Vacation",CONFIRMED_OST,"'K0','K1','K2','1','2','3','4','5','6'",True,True,True,True,True,True,"'Academic Support & Enrichment','Social Emotional & Behavioral Health'","'Monday','Tuesday','Wednesday','Thursday','Friday'",Yes,46.0
00350138,Holmes Elementary School,101309,Holmes Elementary School,Boston's Bridge To Excellence,Boston's Bridge To Excellence,"Before School, Afterschool, Summer, School Vacation",CONFIRMED_OST,"'K0','K1','K2','1','2','3','4','5','6'",True,True,True,True,True,True,"'Academic Support & Enrichment','Social Emotional & Behavioral Health'","'Monday','Tuesday','Wednesday','Thursday','Friday'",Yes,46.0
00350390,Blackstone Elementary School,101223,Blackstone Elementary School,Boston's Bridge To Excellence,Boston's Bridge To Excellence,"Before School, Afterschool, Summer, School Vacation",CONFIRMED_OST,"'K0','K1','K2','1','2','3','4','5','6'",True,True,True,True,True,True,"'Academic Support & Enrichment','Social Emotional & Behavioral Health'","'Monday','Tuesday','Wednesday','Thursday','Friday'",Yes,72.0
00350507,Boston International High School & Newcomers Academy,101649,Boston International Newcomers Academy,College Advising Corps - Boston University (CAC-BU),Planning & Advising for Transitions to Higher Education (BU PATH),"Before School, School Day, Afterschool",CONFIRMED_OST,"'11','12'",False,False,False,False,False,False,"'College, Career & Life Readiness'","'Monday','Tuesday','Wednesday','Thursday','Friday'",No,
,,,Dudley Street Neighborhood School,Community Music Center of Boston,Community Engagement Program,"Before School, School Day, Afterschool",CONFIRMED_OST,"'1','2','3','4','5','6'",False,True,True,,,,"'Arts Programming','Social Emotional & Behavioral Health'","'Tuesday','Wednesday'",No,40.0
00350182,Hurley K-8 School,101310,Hurley K-8 School,Community Music Center of Boston,Community Engagement Program,"Before School, School Day, Afterschool",CONFIRMED_OST,"'K1','K2','1','2','3','4','5','6','7','8'",True,True,True,True,True,True,"'Arts Programming','Social Emotional & Behavioral Health'","'Tuesday','Wednesday','Thursday','Friday'",No,356.0
00350240,Murphy K-8 School,101366,Murphy K-8 School,Community Music Center of Boston,Community Engagement Program,"Before School, School Day, Afterschool",CONFIRMED_OST,"'K0','K1','K2'",True,False,False,True,True,True,"'Arts Programming','Social Emotional & Behavioral Health'","'Monday','Thursday'",No,150.0
00350014,Shaw Elementary School,101422,Shaw-Taylor Elementary School (2-6),Community Music Center of Boston,Community Engagement Program,"Before School, School Day, Afterschool",CONFIRMED_OST,"'2','3','4','5','6'",False,True,True,True,True,True,"'Arts Programming','Social Emotional & Behavioral Health'","'Tuesday','Friday'",No,160.0
00350390,Blackstone Elementary School,101223,Blackstone Elementary School,Community Music Center of Boston,Community Engagement Program,"Before School, School Day, Afterschool",CONFIRMED_OST,"'K0','K1','K2'",True,False,False,True,True,True,"'Arts Programming','Social Emotional & Behavioral Health'","'Tuesday','Wednesday'",No,150.0
00350010,Haynes Early Education Center,101401,Haynes Early Education Center,Eliot School of Fine& Applied Arts,Creative Arts Program,"Afterschool, Summer, School Vacation",CONFIRMED_OST,"'K2','1'",True,True,False,True,True,False,'Arts Programming',"'Tuesday','Friday'",Unknown,100.0
00350691,Hernandez Elementary School,101301,Hernández K-8 School,"Friends of the Rafael Hernandez, Inc.",Hernández After School Program (HASP),Afterschool,CONFIRMED_OST,"'K1','K2','1','2','3','4','5','6'",True,True,True,True,True,True,"'Academic Support & Enrichment','Social, Emotional & Behavioral Health'","'Monday','Tuesday','Wednesday','Thursday','Friday'",Yes,
00350380,Young Achievers Elementary School,101433,Young Achievers School of Science & Math,Girl Scouts of Eastern Massachusetts,Staff-led Girl Scout Troop ,,NaN_INFERRED_OST,"'K2','1','2','3'",True,True,False,True,True,True,,'Thursday',Yes,18.0
00350656,Mario Umana Academy,101504,Mario Umana Academy,Girl Scouts of Eastern Massachusetts,Volunteer-led Girl Scout Troop,"Afterschool, Summer",CONFIRMED_OST,"'K2','1','2','3','4','5','6'",True,True,True,True,True,True,"'Academic Support & Enrichment','Social Emotional & Behavioral Health'",'Tuesday',Yes,30.0
00350390,Blackstone Elementary School,101223,Blackstone Elementary School,Girl Scouts of Eastern Massachusetts,Volunteer-led Girl Scout Troop,"Afterschool, Summer",CONFIRMED_OST,"'K2','1','2','3'",True,True,False,True,True,True,"'Academic Support & Enrichment','Social Emotional & Behavioral Health'",'Thursday',Yes,30.0
00350575,O'Bryant School of Math & Science,101618,O'Bryant School of Mathematics and Science,Girl Scouts of Eastern Massachusetts,Volunteer-led Girl Scout Troop,"Afterschool, Summer",CONFIRMED_OST,"'7','8','9','10','11','12'",False,False,True,False,False,True,"'Academic Support & Enrichment','Social Emotional & Behavioral Health'",'Thursday',Yes,20.0
00350691,Hernandez Elementary School,101301,Hernández K-8 School,Girl Scouts of Eastern Massachusetts,Volunteer-led Girl Scout Troop,"Afterschool, Summer",CONFIRMED_OST,"'1','2','3'",False,True,False,True,True,True,"'Academic Support & Enrichment','Social Emotional & Behavioral Health'",'Thursday',Yes,18.0
00350020,Curley K-8 School,101256,Curley K-8 School,Girls Inc. of Boston & Lynn,Project BOLD,Afterschool,CONFIRMED_OST,"'3','4','5'",False,True,False,True,True,True,"'Social, Emotional & Behavioral Health'",'Monday',No,30.0
00350268,Dever Elementary School,101257,Dever Elementary School,Girls Inc. of Boston & Lynn,Project BOLD,Afterschool,CONFIRMED_OST,"'3','4','5'",False,True,False,False,True,True,"'Social, Emotional & Behavioral Health'",,No,30.0
00350180,Winthrop Elementary School,101438,Winthrop Elementary School,Girls Inc. of Boston & Lynn,Project BOLD,Afterschool,CONFIRMED_OST,"'3','4','5'",False,True,False,True,True,True,"'Social, Emotional & Behavioral Health'",,No,30.0
00350183,Lee K-8 School,101328,Lee K-8 School,Girls Inc. of Boston & Lynn,Project BOLD,Afterschool,CONFIRMED_OST,"'3','4','5'",False,True,False,True,True,True,"'Social, Emotional & Behavioral Health'",'Thursday',No,30.0
00350376,King Elementary School,101534,King K-8 School,Girls Inc. of Boston & Lynn,Project BOLD,Afterschool,CONFIRMED_OST,"'3','4','5'",False,True,False,True,True,True,"'Social, Emotional & Behavioral Health'",,No,30.0
00350328,Kenny Elementary School,101322,Kenny Elementary School,Girls Inc. of Boston & Lynn,Project BOLD,Afterschool,CONFIRMED_OST,"'3','4','5'",False,True,False,True,True,True,"'Social, Emotional & Behavioral Health'",,No,30.0
00350182,Hurley K-8 School,101310,Hurley K-8 School,Girls Inc. of Boston & Lynn,Project BOLD,Afterschool,CONFIRMED_OST,"'3','4','5'",False,True,False,True,True,True,"'Social, Emotional & Behavioral Health'",'Wednesday',No,30.0
00350390,Blackstone Elementary School,101223,Blackstone Elementary School,Girls Inc. of Boston & Lynn,Project BOLD,Afterschool,CONFIRMED_OST,"'3','4','5'",False,True,False,True,True,True,"'Social, Emotional & Behavioral Health'",'Monday',No,30.0
00350346,Warren-Prescott K-8 School,101434,Warren/Prescott K-8 School,Girls Inc. of Boston & Lynn,Project BOLD,Afterschool,CONFIRMED_OST,"'3','4','5'",False,True,False,True,True,True,"'Social, Emotional & Behavioral Health'",'Thursday',No,30.0
00350370,Trotter Elementary School,101428,Trotter Elementary School,Girls Inc. of Boston & Lynn,Project BOLD,Afterschool,CONFIRMED_OST,"'3','4','5'",False,True,False,True,True,True,"'Social, Emotional & Behavioral Health'",'Tuesday',No,30.0
00350308,Greenwood Sarah K-8 School,101286,Greenwood Sarah K-8 School,Girls Inc. of Boston & Lynn,Project BOLD,Afterschool,CONFIRMED_OST,"'3','4','5'",False,True,False,True,True,True,"'Social, Emotional & Behavioral Health'",,No,30.0
00350278,Bates Elementary School,101217,Bates Elementary School,Girls Inc. of Boston & Lynn,Project BOLD,Afterschool,CONFIRMED_OST,"'3','4','5'",False,True,False,True,True,True,"'Social, Emotional & Behavioral Health'",'Tuesday',No,30.0
00350286,Quincy Elementary School,101398,Quincy Elementary School,Girls Inc. of Boston & Lynn,Project BOLD,Afterschool,CONFIRMED_OST,"'3','4','5'",False,True,False,True,True,False,"'Social, Emotional & Behavioral Health'",,No,30.0
00350166,John F Kennedy School,101318,John F. Kennedy Elementary School,Girls Inc. of Boston & Lynn,Project BOLD,Afterschool,CONFIRMED_OST,"'3','4','5'",False,True,False,True,True,True,"'Social, Emotional & Behavioral Health'",'Wednesday',No,30.0
00350077,Haley Pilot School,101293,Haley Pilot School,Girls Inc. of Boston & Lynn,Project BOLD,Afterschool,CONFIRMED_OST,"'3','4','5'",False,True,False,True,True,True,"'Social, Emotional & Behavioral Health'",,No,30.0
00350017,Sarah Roberts Elementary School,101420,Sumner Elementary School,Girls Inc. of Boston & Lynn,Project BOLD,Afterschool,CONFIRMED_OST,"'3','4','5'",False,True,False,True,True,True,"'Social, Emotional & Behavioral Health'",,No,30.0
00350374,Winship Elementary School,101436,Winship Elementary School,Girls Inc. of Boston & Lynn,Project BOLD,Afterschool,CONFIRMED_OST,"'3','4','5'",False,True,False,True,True,True,"'Social, Emotional & Behavioral Health'",,No,30.0
00350375,Edison Elementary School,101519,Edison K-8 School,Girls Inc. of Boston & Lynn,Project BOLD,Afterschool,CONFIRMED_OST,"'3','4','5'",False,True,False,True,True,True,"'Social, Emotional & Behavioral Health'",,No,30.0
00350135,Grew Elementary School,101288,Grew Elementary School,Girls Inc. of Boston & Lynn,Project BOLD,Afterschool,CONFIRMED_OST,"'3','4','5'",False,True,False,True,True,True,"'Social, Emotional & Behavioral Health'",,No,30.0
00350326,Gardner Pilot Academy,101279,Gardner Pilot Academy,Girls Inc. of Boston & Lynn,Project BOLD,Afterschool,CONFIRMED_OST,"'3','4','5'",False,True,False,True,True,True,"'Social, Emotional & Behavioral Health'",,No,30.0
00350691,Hernandez Elementary School,101301,Hernández K-8 School,Girls Inc. of Boston & Lynn,Project BOLD,Afterschool,CONFIRMED_OST,"'3','4','5'",False,True,False,True,True,True,"'Social, Emotional & Behavioral Health'",'Monday',No,30.0
00350326,Gardner Pilot Academy,101279,Gardner Pilot Academy,Girls Inc. of Boston & Lynn,Project BOLD,Afterschool,CONFIRMED_OST,"'3','4','5'",False,True,False,True,True,True,"'Social, Emotional & Behavioral Health'",,No,30.0
00350012,Boston Teachers Union Elementary Pilot School,101266,Boston Teachers Union K-8 School,Girls Inc. of Boston & Lynn,Project BOLD,Afterschool,CONFIRMED_OST,"'3','4','5'",False,True,False,True,True,True,"'Social, Emotional & Behavioral Health'",'Monday',No,30.0
00350286,Quincy Elementary School,101398,Quincy Elementary School,Girls Inc. of Boston & Lynn,Project BOLD,Afterschool,CONFIRMED_OST,"'3','4','5'",False,True,False,True,True,False,"'Social, Emotional & Behavioral Health'",'Tuesday',No,24.0
00350375,Edison Elementary School,101519,Edison K-8 School,Girls Inc. of Boston & Lynn,Project BOLD,Afterschool,CONFIRMED_OST,"'3','4','5'",False,True,False,True,True,True,"'Social, Emotional & Behavioral Health'",'Tuesday',No,16.0
00350328,Kenny Elementary School,101322,Kenny Elementary School,Girls Inc. of Boston & Lynn,Project BOLD,Afterschool,CONFIRMED_OST,"'3','4','5'",False,True,False,True,True,True,"'Social, Emotional & Behavioral Health'",'Friday',No,12.0
00350304,Mason Elementary School,101346,Mason Elementary School,Girls Inc. of Boston & Lynn,Project BOLD,Afterschool,CONFIRMED_OST,"'3','4','5'",False,True,False,True,True,False,"'Social, Emotional & Behavioral Health'",'Wednesday',No,12.0
00350302,Adams Elementary School,101203,Adams Elementary School,Girls Inc. of Boston & Lynn,Project BOLD,Afterschool,CONFIRMED_OST,"'3','4','5'",False,True,False,True,True,True,"'Social, Emotional & Behavioral Health'",'Thursday',No,16.0
00350072,Ellis Elementary School,101262,Ellis Elementary School,Girls Inc. of Boston & Lynn,Project BOLD,Afterschool,CONFIRMED_OST,"'3','4','5'",False,True,False,True,True,True,"'Social, Emotional & Behavioral Health'",'Monday',No,16.0
00350154,Chittick Elementary School,101247,Chittick Elementary School,Girls Inc. of Boston & Lynn,Project BOLD,Afterschool,CONFIRMED_OST,"'3','4','5'",False,True,False,True,True,True,"'Social, Emotional & Behavioral Health'",'Tuesday',No,16.0
00350268,Dever Elementary School,101257,Dever Elementary School,Girls on the Run Greater Boston,Girls on the Run,,NaN_INFERRED_OST,"'3','4','5'",False,True,False,False,True,True,"'Physical Health & Wellness','Social, Emotional & Behavioral Health'","'Tuesday','Thursday'",Yes,40.0
00350560,Boston Latin School,101612,Boston Latin School,Harvard MEDscience,HMS MEDscience,"Afterschool, School Day (Class Time)",CONFIRMED_OST,"'9','10','11','12'",False,False,False,False,False,True,"'Academic Support & Enrichment','Physical Health & Wellness'",'Wednesday',No,48.0
,,,Boston Day/Evening Academy,Harvard MEDscience,HMS MEDscience,"Afterschool, School Day (Class Time)",CONFIRMED_OST,"'9','10','11','12'",False,False,False,,,,"'Academic Support & Enrichment','Physical Health & Wellness'","'Monday','Tuesday','Thursday'",No,48.0
00350535,English High School,101644,English High School,Harvard MEDscience,HMS MEDscience,"Afterschool, School Day (Class Time)",CONFIRMED_OST,'10',False,False,False,False,False,True,"'Academic Support & Enrichment','Physical Health & Wellness'","'Wednesday','Thursday'",No,24.0
00350542,New Mission High School,101664,New Mission High School,Harvard MEDscience,HMS MEDscience,"Afterschool, School Day (Class Time)",CONFIRMED_OST,"'11','12'",False,False,False,False,False,True,"'Academic Support & Enrichment','Physical Health & Wellness'",'Monday',No,48.0
,,,Boston Green Academy,Harvard MEDscience,HMS MEDscience,"Afterschool, School Day (Class Time)",CONFIRMED_OST,'11',False,False,False,,,,"'Academic Support & Enrichment','Physical Health & Wellness'","'Tuesday','Thursday','Friday'",No,24.0
00350074,Dearborn STEM Academy,101516,Dearborn STEM Academy,Harvard MEDscience,HMS MEDscience,"Afterschool, School Day (Class Time)",CONFIRMED_OST,'12',False,False,False,False,False,True,"'Academic Support & Enrichment','Physical Health & Wellness'",'Monday',No,24.0
00350545,Boston Latin Academy,101615,Boston Latin Academy,Harvard MEDscience,HMS MEDscience,"Afterschool, School Day (Class Time)",CONFIRMED_OST,"'11','12'",False,False,False,False,False,True,"'Academic Support & Enrichment','Physical Health & Wellness'","'Tuesday','Wednesday','Thursday','Friday'",No,24.0
00350540,Fenway High School,101646,Fenway High School,Harvard MEDscience,HMS MEDscience,"Afterschool, School Day (Class Time)",CONFIRMED_OST,'11',False,False,False,False,False,False,"'Academic Support & Enrichment','Physical Health & Wellness'","'Tuesday','Wednesday'",No,24.0
00350266,Henderson K-12 Inclusion School Lower,101373,Henderson Inclusion School 9-12,Harvard MEDscience,HMS MEDscience,"Afterschool, School Day (Class Time)",CONFIRMED_OST,"'10','11'",False,False,False,True,True,False,"'Academic Support & Enrichment','Physical Health & Wellness'",'Friday',No,24.0
00350515,Charlestown High School,101630,Charlestown High School,Harvard MEDscience,HMS MEDscience,"Afterschool, School Day (Class Time)",CONFIRMED_OST,"'10','11'",False,False,False,False,False,True,"'Academic Support & Enrichment','Physical Health & Wellness'",'Thursday',No,48.0
00350565,Quincy Upper School,101551,Quincy Upper School,Harvard MEDscience,HMS MEDscience,"Afterschool, School Day (Class Time)",CONFIRMED_OST,"'11','12'",False,False,False,False,False,True,"'Academic Support & Enrichment','Physical Health & Wellness'",'Tuesday',No,12.0
00350655,Lyon High School,101647,Mary Lyon Pilot High School,Harvard MEDscience,HMS MEDscience,"Afterschool, School Day (Class Time)",CONFIRMED_OST,'12',False,False,False,False,False,False,"'Academic Support & Enrichment','Physical Health & Wellness'",'Wednesday',No,12.0
00350558,Ruth Batson Academy,101609,Ruth Batson Academy,Harvard MEDscience,HMS MEDscience,"Afterschool, School Day (Class Time)",CONFIRMED_OST,"'11','12'",False,False,False,False,False,True,"'Academic Support & Enrichment','Physical Health & Wellness'",'Tuesday',No,24.0
00350581,Community Academy of Science and Health,101656,Community Academy of Science and Health,Harvard MEDscience,HMS MEDscience,"Afterschool, School Day (Class Time)",CONFIRMED_OST,"'11','12'",False,False,False,False,False,False,"'Academic Support & Enrichment','Physical Health & Wellness'",'Wednesday',No,12.0
00350074,Dearborn STEM Academy,101516,Dearborn STEM Academy,Harvard MEDscience,HMS MEDscience,"Afterschool, School Day (Class Time)",CONFIRMED_OST,'11',False,False,False,False,False,True,"'Academic Support & Enrichment','Physical Health & Wellness'",'Friday',No,24.0
,,,Kennedy Academy for Health Careers 9-12,Harvard MEDscience,HMS MEDscience,"Afterschool, School Day (Class Time)",CONFIRMED_OST,'10',False,False,False,,,,"'Academic Support & Enrichment','Physical Health & Wellness'","'Wednesday','Friday'",No,96.0
00350505,Brighton High School,101624,Brighton High School,Harvard MEDscience,HMS MEDscience,"Afterschool, School Day (Class Time)",CONFIRMED_OST,'10',False,False,False,False,False,True,"'Academic Support & Enrichment','Physical Health & Wellness'",'Wednesday',No,12.0
00350530,East Boston High School,101641,East Boston High School,Harvard MEDscience,HMS MEDscience,"Afterschool, School Day (Class Time)",CONFIRMED_OST,"'11','12'",False,False,False,False,False,True,"'Academic Support & Enrichment','Physical Health & Wellness'",'Thursday',No,24.0
,,,Kennedy Academy for Health Careers 9-12,Harvard MEDscience,HMS MEDscience,"Afterschool, School Day (Class Time)",CONFIRMED_OST,'12',False,False,False,,,,"'Academic Support & Enrichment','Physical Health & Wellness'",'Tuesday',No,12.0
00350074,Dearborn STEM Academy,101516,Dearborn STEM Academy,Harvard MEDscience,HMS MEDscience,"Afterschool, School Day (Class Time)",CONFIRMED_OST,"'11','12'",False,False,False,False,False,True,"'Academic Support & Enrichment','Physical Health & Wellness'","'Monday','Tuesday','Wednesday','Thursday','Friday'",No,12.0
00350530,East Boston High School,101641,East Boston High School,Harvard MEDscience,HMS MEDscience,"Afterschool, School Day (Class Time)",CONFIRMED_OST,"'10','11','12'",False,False,False,False,False,True,"'Academic Support & Enrichment','Physical Health & Wellness'",'Thursday',No,24.0
00350008,Ellison-Parks Early Education School,101209,Ellison-Parks Early Education School,Italian Home for Children,Italian Home for Children- School Based Clinical Services,"School Day, Afterschool, Summer",CONFIRMED_OST,"'K1','K2','1','2','3','4','5'",True,True,False,True,True,False,"'Social, Emotional & Behavioral Health'","'Tuesday','Wednesday'",No,15.0
00350542,New Mission High School,101664,New Mission High School,Italian Home for Children,Italian Home for Children- School Based Clinical Services,"School Day, Afterschool, Summer",CONFIRMED_OST,"'9','10','11','12'",False,False,False,False,False,True,"'Social, Emotional & Behavioral Health'","'Monday','Tuesday','Wednesday','Thursday','Friday'",No,100.0
00350535,English High School,101644,English High School,Italian Home for Children,Italian Home for Children- School Based Clinical Services,"School Day, Afterschool, Summer",CONFIRMED_OST,"'9','10','11','12'",False,False,False,False,False,True,"'Social, Emotional & Behavioral Health'","'Monday','Friday'",No,50.0
00350546,Boston Arts Academy,101607,Boston Arts Academy,Italian Home for Children,Italian Home for Children- School Based Clinical Services,"School Day, Afterschool, Summer",CONFIRMED_OST,"'9','10','11','12'",False,False,False,False,False,False,"'Social, Emotional & Behavioral Health'","'Monday','Tuesday','Wednesday','Thursday','Friday'",No,100.0
00350153,Hennigan Elementary School,101299,Hennigan Elementary School,Jamaica Plain Community Centers,Jamaica Plain Community Centers,,NaN_INFERRED_OST,"'1','2','3','4','5','6'",False,True,True,True,True,True,,"'Monday','Tuesday','Wednesday','Thursday','Friday'",,120.0
00350390,Blackstone Elementary School,101223,Blackstone Elementary School,Literations,Sustained Tutoring Program,,NaN_INFERRED_OST,"'1','2','3','4'",False,True,False,True,True,True,"'Academic Support & Enrichment','Social, Emotional & Behavioral Health'","'Monday','Tuesday','Wednesday','Thursday'",No,50.0
00350138,Holmes Elementary School,101309,Holmes Elementary School,Literations,Sustained Tutoring Program,,NaN_INFERRED_OST,"'1','2','3','4'",False,True,False,True,True,True,"'Academic Support & Enrichment','Social, Emotional & Behavioral Health'","'Monday','Tuesday','Wednesday','Thursday'",No,50.0
00350370,Trotter Elementary School,101428,Trotter Elementary School,Literations,Reading Coaches,"School Day, Afterschool",CONFIRMED_OST,"'K2','1','2','3','4'",True,True,False,True,True,True,'Academic Support & Enrichment',"'Monday','Tuesday','Wednesday','Thursday','Friday'",No,200.0
00350360,Channing Elementary School,101239,Channing Elementary School,Little Voices After School @ The Channing,Little Voices Afterschool Program,,NaN_INFERRED_OST,"'K0','K1','K2','1','2','3','4','5'",True,True,False,True,True,True,,"'Monday','Tuesday','Wednesday','Thursday','Friday'",Yes,52.0
00350016,Mattahunt Elementary School,101351,Mattahunt Elementary School,musiConnects,musiConnects,"Afterschool, School Day (Class Time)",CONFIRMED_OST,"'K0','1','2','5','6'",True,True,True,True,True,True,'Arts Programming',"'Monday','Thursday'",No,25.0
00350376,King Elementary School,101534,King K-8 School,Playworks,Playworks Coach Service,"School Day (Class Time), Afterschool, School Day (Non-Class Time)",CONFIRMED_OST,"'K0','K1','K2','1','2','3','4','5','6'",True,True,True,True,True,True,"'Physical Health & Wellness','Social, Emotional & Behavioral Health'","'Monday','Tuesday','Wednesday','Thursday','Friday'",No,474.0
00350390,Blackstone Elementary School,101223,Blackstone Elementary School,Playworks,Playworks Coach Service,"School Day (Class Time), Afterschool, School Day (Non-Class Time)",CONFIRMED_OST,"'K2','1','2','3','4','5'",True,True,False,True,True,True,"'Physical Health & Wellness','Social, Emotional & Behavioral Health'","'Monday','Tuesday','Wednesday','Thursday','Friday'",No,580.0
00350268,Dever Elementary School,101257,Dever Elementary School,Playworks,Playworks Coach Service,"School Day (Class Time), Afterschool, School Day (Non-Class Time)",CONFIRMED_OST,"'K0','K1','K2','1','2','3','4','5'",True,True,False,False,True,True,"'Physical Health & Wellness','Social, Emotional & Behavioral Health'","'Monday','Tuesday','Wednesday','Thursday','Friday'",No,445.0
00350378,Mildred Avenue K-8 School,101548,Mildred Avenue K-8 School,Playworks,Playworks Coach Service,"School Day (Class Time), Afterschool, School Day (Non-Class Time)",CONFIRMED_OST,"'K0','K1','K2','1','2','3','4','5'",True,True,False,True,True,True,"'Physical Health & Wellness','Social, Emotional & Behavioral Health'","'Monday','Tuesday','Wednesday','Thursday','Friday'",No,600.0
00350257,Orchard Gardens K-8 School,101377,Orchard Gardens K-8 School,Playworks,Playworks Coach Service,"School Day (Class Time), Afterschool, School Day (Non-Class Time)",CONFIRMED_OST,"'K0','K1','K2','1','2','3','4','5'",True,True,False,True,True,True,"'Physical Health & Wellness','Social, Emotional & Behavioral Health'","'Monday','Tuesday','Wednesday','Thursday','Friday'",No,689.0
00350302,Adams Elementary School,101203,Adams Elementary School,Playworks,Playworks Coach Service,"School Day (Class Time), Afterschool, School Day (Non-Class Time)",CONFIRMED_OST,"'K0','K1','K2','1','2','3','4','5','6','7','8','9','10','11','12','Alternative Education'",True,True,True,True,True,True,"'Physical Health & Wellness','Social, Emotional & Behavioral Health'","'Monday','Tuesday','Wednesday','Thursday','Friday'",No,237.0
00350080,McKay K-8 School,101352,McKay K-8 School,Playworks,Playworks Coach Service,"School Day (Class Time), Afterschool, School Day (Non-Class Time)",CONFIRMED_OST,"'K0','K1','K2','1','2','3','4','5','6','7','8','9','10','11','12','Alternative Education'",True,True,True,True,True,True,"'Physical Health & Wellness','Social, Emotional & Behavioral Health'","'Monday','Tuesday','Wednesday','Thursday','Friday'",No,640.0
00350286,Quincy Elementary School,101398,Quincy Elementary School,Playworks,Playworks Coach Service,"School Day (Class Time), Afterschool, School Day (Non-Class Time)",CONFIRMED_OST,"'K0','K1','K2','1','2','3','4','5','6','7','8','9','10','11','12','Alternative Education'",True,True,True,True,True,False,"'Physical Health & Wellness','Social, Emotional & Behavioral Health'","'Monday','Tuesday','Wednesday','Thursday','Friday'",No,731.0
00350154,Chittick Elementary School,101247,Chittick Elementary School,Playworks,Playworks Coach Service,"School Day (Class Time), Afterschool, School Day (Non-Class Time)",CONFIRMED_OST,"'K0','K1','K2','1','2','3','4','5','6','7','8','9','10','11','12','Alternative Education'",True,True,True,True,True,True,"'Physical Health & Wellness','Social, Emotional & Behavioral Health'","'Monday','Tuesday','Wednesday','Thursday','Friday'",No,248.0
00350264,Kennedy Patrick J Elementary School,101320,P.J. Kennedy Elementary School,Playworks,Playworks TeamUp Service,"School Day, Afterschool",CONFIRMED_OST,"'K0','K1','K2','1','2','3','4','5','6','7','8','9','10','11','12','Alternative Education'",True,True,True,True,True,True,"'Physical Health & Wellness','Social, Emotional & Behavioral Health'","'Monday','Tuesday','Thursday','Friday'",No,279.0
00350016,Mattahunt Elementary School,101351,Mattahunt Elementary School,Playworks,Playworks TeamUp Service,"School Day, Afterschool",CONFIRMED_OST,"'K0','K1','K2','1','2','3','4','5','6','7','8','9','10','11','12','Alternative Education'",True,True,True,True,True,True,"'Physical Health & Wellness','Social, Emotional & Behavioral Health'","'Monday','Tuesday','Thursday','Friday'",No,581.0
00350390,Blackstone Elementary School,101223,Blackstone Elementary School,St. Stephen's Youth Programs,St. Stephen's Parent Mentor Program,,NaN_INFERRED_OST,"'K0','K1','K2','1','2','3','4','5','6'",True,True,True,True,True,True,"'Academic Support & Enrichment','College, Career & Life Readiness','Family Engagement & Support'","'Monday','Tuesday','Wednesday','Thursday','Friday'",No,250.0
00350182,Hurley K-8 School,101310,Hurley K-8 School,St. Stephen's Youth Programs,St. Stephen's Parent Mentor Program,,NaN_INFERRED_OST,"'K0','K1','K2','1','2','3','4','5','6','7','8'",True,True,True,True,True,True,"'Academic Support & Enrichment','College, Career & Life Readiness','Family Engagement & Support'","'Monday','Tuesday','Wednesday','Thursday','Friday'",No,200.0
00350370,Trotter Elementary School,101428,Trotter Elementary School,St. Stephen's Youth Programs,St. Stephen's Parent Mentor Program,,NaN_INFERRED_OST,"'K0','K1','K2','1','2','3','4','5','6'",True,True,True,True,True,True,"'Academic Support & Enrichment','College, Career & Life Readiness','Family Engagement & Support'","'Monday','Tuesday','Wednesday','Thursday','Friday'",No,200.0
00350016,Mattahunt Elementary School,101351,Mattahunt Elementary School,St. Stephen's Youth Programs,St. Stephen's Parent Mentor Program,,NaN_INFERRED_OST,"'K0','K1','K2','1','2','3','4','5','6'",True,True,True,True,True,True,"'Academic Support & Enrichment','College, Career & Life Readiness','Family Engagement & Support'","'Monday','Tuesday','Wednesday','Thursday','Friday'",No,250.0
00350298,Clap Elementary School,101249,Roger Clap Elementary School,St. Stephen's Youth Programs,St. Stephen's Parent Mentor Program,,NaN_INFERRED_OST,"'K0','K1','K2','1','2','3','4','5','6'",True,True,True,True,True,True,"'Academic Support & Enrichment','College, Career & Life Readiness','Family Engagement & Support'","'Monday','Tuesday','Wednesday','Thursday','Friday'",No,75.0
00350240,Murphy K-8 School,101366,Murphy K-8 School,Trinity Boston Connects,Trinity Boston Connects (TBC): Sole Train,"Before School, Afterschool",CONFIRMED_OST,"'5','6','7','8'",False,True,True,True,True,True,"'Physical Health & Wellness','Social, Emotional & Behavioral Health'",'Tuesday',No,40.0
00350100,Mendell Elementary School,101356,Mendell Elementary School,Trinity Boston Connects,Trinity Boston Connects (TBC): Sole Train,"Before School, Afterschool",CONFIRMED_OST,"'3','4','5'",False,True,False,True,True,True,"'Physical Health & Wellness','Social, Emotional & Behavioral Health'",'Wednesday',No,20.0
00350515,Charlestown High School,101630,Charlestown High School,uAspire,uAspire College Affordability Advising,"School Day, Afterschool",CONFIRMED_OST,'12',False,False,False,False,False,True,"'College, Career & Life Readiness'",'Tuesday',No,
00350549,Margarita Muniz Academy,101667,Margarita Muñiz Academy,uAspire,uAspire College Affordability Advising,"School Day, Afterschool",CONFIRMED_OST,'12',False,False,False,False,False,True,"'College, Career & Life Readiness'",,No,
00350525,Albert D Holland School of Technology,101627,Albert D. Holland Highschool of Technology,uAspire,uAspire College Affordability Advising,"School Day, Afterschool",CONFIRMED_OST,,False,False,False,False,False,True,"'College, Career & Life Readiness'",,No,
00350505,Brighton High School,101624,Brighton High School,uAspire,uAspire College Affordability Advising,"School Day, Afterschool",CONFIRMED_OST,'12',False,False,False,False,False,True,"'College, Career & Life Readiness'",'Thursday',No,
00350540,Fenway High School,101646,Fenway High School,uAspire,uAspire College Affordability Advising,"School Day, Afterschool",CONFIRMED_OST,'12',False,False,False,False,False,False,"'College, Career & Life Readiness'",'Wednesday',No,
00350558,Ruth Batson Academy,101609,Ruth Batson Academy,uAspire,uAspire College Affordability Advising,"School Day, Afterschool",CONFIRMED_OST,'12',False,False,False,False,False,True,"'College, Career & Life Readiness'",'Friday',No,
00350535,English High School,101644,English High School,uAspire,uAspire College Affordability Advising,"School Day, Afterschool",CONFIRMED_OST,'12',False,False,False,False,False,True,"'College, Career & Life Readiness'",'Thursday',No,
00350507,Boston International High School & Newcomers Academy,101649,Boston International Newcomers Academy,uAspire,uAspire College Affordability Advising,"School Day, Afterschool",CONFIRMED_OST,'12',False,False,False,False,False,False,"'College, Career & Life Readiness'",'Thursday',No,
00350657,TechBoston Academy,101674,TechBoston Academy,uAspire,uAspire College Affordability Advising,"School Day, Afterschool",CONFIRMED_OST,'12',False,False,False,False,False,True,"'College, Career & Life Readiness'",'Tuesday',No,
00350326,Gardner Pilot Academy,101279,Gardner Pilot Academy,YMCA of Greater Boston,YMCA of Greater Boston Before and Afterschool Programs,,NaN_INFERRED_OST,"'K1','K2','1','2','3','4','5','6','7'",True,True,True,True,True,True,"'Academic Support & Enrichment','Physical Health & Wellness'","'Monday','Tuesday','Wednesday','Thursday','Friday'",Yes,137.0
00350656,Mario Umana Academy,101504,Mario Umana Academy,YMCA of Greater Boston,YMCA of Greater Boston Before and Afterschool Programs,,NaN_INFERRED_OST,"'K2','1','2','3','4','5','6'",True,True,True,True,True,True,"'Academic Support & Enrichment','Physical Health & Wellness'","'Monday','Tuesday','Wednesday','Thursday','Friday'",Yes,52.0
00350376,King Elementary School,101534,King K-8 School,YMCA of Greater Boston,YMCA of Greater Boston Before and Afterschool Programs,,NaN_INFERRED_OST,"'K2','1','2','3','4','5'",True,True,False,True,True,True,"'Academic Support & Enrichment','Physical Health & Wellness'","'Monday','Tuesday','Wednesday','Thursday','Friday'",Yes,65.0
00350016,Mattahunt Elementary School,101351,Mattahunt Elementary School,YMCA of Greater Boston,YMCA of Greater Boston Before and Afterschool Programs,,NaN_INFERRED_OST,"'K2','1','2','3','4','5'",True,True,False,True,True,True,"'Academic Support & Enrichment','Physical Health & Wellness'","'Monday','Tuesday','Wednesday','Thursday','Friday'",Yes,26.0
00350370,Trotter Elementary School,101428,Trotter Elementary School,YMCA of Greater Boston,YMCA of Greater Boston Before and Afterschool Programs,,NaN_INFERRED_OST,"'K2','1','2','3','4','5'",True,True,False,True,True,True,"'Academic Support & Enrichment','Physical Health & Wellness'","'Monday','Tuesday','Wednesday','Thursday','Friday'",Yes,39.0
00350378,Mildred Avenue K-8 School,101548,Mildred Avenue K-8 School,YMCA of Greater Boston,YMCA of Greater Boston Before and Afterschool Programs,,NaN_INFERRED_OST,"'K2','1','2','3','4','5'",True,True,False,True,True,True,"'Academic Support & Enrichment','Physical Health & Wellness'","'Monday','Tuesday','Wednesday','Thursday','Friday'",Yes,39.0
00350308,Greenwood Sarah K-8 School,101286,Greenwood Sarah K-8 School,YMCA of Greater Boston,YMCA of Greater Boston Before and Afterschool Programs,,NaN_INFERRED_OST,"'K2','1','2','3','4','5'",True,True,False,True,True,True,"'Academic Support & Enrichment','Physical Health & Wellness'","'Monday','Tuesday','Wednesday','Thursday','Friday'",Yes,26.0
00350278,Bates Elementary School,101217,Bates Elementary School,YMCA of Greater Boston,YMCA of Greater Boston Before and Afterschool Programs,,NaN_INFERRED_OST,"'K2','1','2','3','4','5'",True,True,False,True,True,True,"'Academic Support & Enrichment','Physical Health & Wellness'","'Monday','Tuesday','Wednesday','Thursday','Friday'",Yes,38.0
00350012,Boston Teachers Union Elementary Pilot School,101266,Boston Teachers Union K-8 School,YMCA of Greater Boston,YMCA of Greater Boston Before and Afterschool Programs,,NaN_INFERRED_OST,"'K2','1','2','3','4','5'",True,True,False,True,True,True,"'Academic Support & Enrichment','Physical Health & Wellness'","'Monday','Tuesday','Wednesday','Thursday','Friday'",Yes,36.0
,,,Dudley Street Neighborhood School,YMCA of Greater Boston,YMCA of Greater Boston Before and Afterschool Programs,,NaN_INFERRED_OST,"'K2','1','2','3','4','5'",True,True,False,,,,"'Academic Support & Enrichment','Physical Health & Wellness'","'Monday','Tuesday','Wednesday','Thursday','Friday'",Yes,62.0
00350375,Edison Elementary School,101519,Edison K-8 School,YMCA of Greater Boston,YMCA of Greater Boston Before and Afterschool Programs,,NaN_INFERRED_OST,"'K2','1','2','3','4','5'",True,True,False,True,True,True,"'Academic Support & Enrichment','Physical Health & Wellness'","'Monday','Tuesday','Wednesday','Thursday','Friday'",Yes,88.0
00350135,Grew Elementary School,101288,Grew Elementary School,YMCA of Greater Boston,YMCA of Greater Boston Before and Afterschool Programs,,NaN_INFERRED_OST,"'K2','1','2','3','4','5'",True,True,False,True,True,True,"'Academic Support & Enrichment','Physical Health & Wellness'","'Monday','Tuesday','Wednesday','Thursday','Friday'",Yes,62.0
00350166,John F Kennedy School,101318,John F. Kennedy Elementary School,YMCA of Greater Boston,YMCA of Greater Boston Before and Afterschool Programs,,NaN_INFERRED_OST,"'K2','1','2','3','4','5'",True,True,False,True,True,True,"'Academic Support & Enrichment','Physical Health & Wellness'","'Monday','Tuesday','Wednesday','Thursday','Friday'",Yes,49.0
00350190,Kilmer K-8 School,101326,Kilmer K-8 School (Grades K-3),YMCA of Greater Boston,YMCA of Greater Boston Before and Afterschool Programs,,NaN_INFERRED_OST,"'K2','1','2','3','4','5'",True,True,False,True,True,True,"'Academic Support & Enrichment','Physical Health & Wellness'","'Monday','Tuesday','Wednesday','Thursday','Friday'",Yes,52.0
00350262,Lyndon K-8 School,101335,Lyndon K-8 School,YMCA of Greater Boston,YMCA of Greater Boston Before and Afterschool Programs,,NaN_INFERRED_OST,"'K1','K2','1','2','3','4','5'",True,True,False,True,True,True,"'Academic Support & Enrichment','Physical Health & Wellness'","'Monday','Tuesday','Wednesday','Thursday','Friday'",Yes,91.0
00350229,Tobin K-8 School,101426,Tobin K-8 School,YMCA of Greater Boston,YMCA of Greater Boston Before and Afterschool Programs,,NaN_INFERRED_OST,"'K2','1','2','3','4','5'",True,True,False,True,True,True,"'Academic Support & Enrichment','Physical Health & Wellness'","'Monday','Tuesday','Wednesday','Thursday','Friday'",Yes,26.0
00350080,McKay K-8 School,101352,McKay K-8 School,YMCA of Greater Boston,YMCA of Greater Boston Before and Afterschool Programs,,NaN_INFERRED_OST,"'K2','1','2','3','4','5'",True,True,False,True,True,True,"'Academic Support & Enrichment','Physical Health & Wellness'","'Monday','Tuesday','Wednesday','Thursday','Friday'",Yes,26.0
00350100,Mendell Elementary School,101356,Mendell Elementary School,YMCA of Greater Boston,YMCA of Greater Boston Before and Afterschool Programs,,NaN_INFERRED_OST,"'K1','K2','1','2','3','4','5'",True,True,False,True,True,True,"'Academic Support & Enrichment','Physical Health & Wellness'","'Monday','Tuesday','Wednesday','Thursday','Friday'",Yes,49.0
00350237,Mozart Elementary School,101364,Mozart Elementary School,YMCA of Greater Boston,YMCA of Greater Boston Before and Afterschool Programs,,NaN_INFERRED_OST,"'K2','1','2','3','4','5'",True,True,False,True,True,True,"'Academic Support & Enrichment','Physical Health & Wellness'","'Monday','Tuesday','Wednesday','Thursday','Friday'",Yes,26.0
00350302,Adams Elementary School,101203,Adams Elementary School,YMCA of Greater Boston,YMCA of Greater Boston Before and Afterschool Programs,,NaN_INFERRED_OST,"'K2','1','2','3','4','5'",True,True,False,True,True,True,"'Academic Support & Enrichment','Physical Health & Wellness'","'Monday','Tuesday','Wednesday','Thursday','Friday'",Yes,26.0
00350374,Winship Elementary School,101436,Winship Elementary School,YMCA of Greater Boston,YMCA of Greater Boston Before and Afterschool Programs,,NaN_INFERRED_OST,"'K1','K2','1','2','3','4','5'",True,True,False,True,True,True,"'Academic Support & Enrichment','Physical Health & Wellness'","'Monday','Tuesday','Wednesday','Thursday','Friday'",Yes,62.0
00350180,Winthrop Elementary School,101438,Winthrop Elementary School,YMCA of Greater Boston,YMCA of Greater Boston Before and Afterschool Programs,,NaN_INFERRED_OST,"'K2','1','2','3','4','5'",True,True,False,True,True,True,"'Academic Support & Enrichment','Physical Health & Wellness'","'Monday','Tuesday','Wednesday','Thursday','Friday'",Yes,52.0
00350010,Haynes Early Education Center,101401,Haynes Early Education Center,YMCA of Greater Boston,YMCA of Greater Boston Before and Afterschool Programs,,NaN_INFERRED_OST,"'K2','1'",True,True,False,True,True,False,"'Academic Support & Enrichment','Physical Health & Wellness'","'Tuesday','Friday'",Yes,35.0
00350755,Boston Collaborative High School,101684,Boston Collaborative High School,Youth Enrichment Services,City Ascent - Spring,Afterschool,CONFIRMED_OST,,False,False,False,False,False,False,'Academic Support & Enrichment',,Unknown,
00350755,Boston Collaborative High School,101684,Boston Collaborative High School,Youth Enrichment Services,City Ascent - Fall,Afterschool,CONFIRMED_OST,,False,False,False,False,False,False,'Academic Support & Enrichment',,Yes,
00350020,Curley K-8 School,101256,Curley K-8 School,YW Boston,F.Y.R.E (Fierce Youth Reimagining Excellence) ,"Afterschool, Weekend, Summer",CONFIRMED_OST,"'7','8'",False,False,True,True,True,True,"'Social, Emotional & Behavioral Health'",'Tuesday',No,20.0
00350657,TechBoston Academy,101674,TechBoston Academy,YW Boston,F.Y.R.E (Fierce Youth Reimagining Excellence) ,"Afterschool, Weekend, Summer",CONFIRMED_OST,"'7','8'",False,False,True,False,False,True,"'Social, Emotional & Behavioral Health'",'Wednesday',No,40.0
